问题,意图分类,标签真值,提取的实体
医用DR设备都有哪些品牌？,商品数据,商品数据,"['医用DR设备', ' 品牌']"
动态三维脊柱姿态测量分析装置北京的供应商有哪些品牌？,日常问题,商品数据,"['北京', ' 脊柱姿态测量分析装置', ' 品牌']"
医院住院大楼生活热水系统改造有哪些品牌？,商品数据,商品数据,"['医院', '住院大楼', '生活热水系统', '改造', '品牌']"
UPS改造设备的供应商地址在哪里？,日常问题,商品数据,"['UPSM 改造 设备', ' UPS 改造 设备 的 供应商 地址']"
步态训练跑台的价格范围是多少？,商品数据,商品数据,"['价格', '范围', '步态训练跑台', '售价', '价格']"
移动式摄影X线机的供应商省份有哪些？,商品数据,商品数据,"['移动式摄影', 'X线机', '供应商省份', '省']"
互联网医院信息化建设的供应商城市有哪些？,日常问题,商品数据,"['互联网医院', '信息化建设', '供应商', '城市']"
医院彩色超声诊断仪的供应商地址是什么？,商品数据,商品数据,"['医院', ' 彩色超声诊断仪', ' 供应商', ' 地址']"
肿瘤医院冷冻治疗设备有哪些型号？,商品数据,商品数据,"['肿瘤医院', ' 冷冻治疗设备', ' 型号']"
流式细胞仪的供应商省份是哪里？,商品数据,商品数据,"['流式细胞仪', ' 省份', ' 上海', ' 广东', ' 北京']"
医用织物洗涤服务的供应商地址在哪里？,日常问题,商品数据,"['医用织物洗涤服务', ' 供应商地址', ' 供应商']"
残疾人健康服务平台的供应商省份有哪些？,日常问题,商品数据,"['残疾人健康服务平台', ' 供应商省份', ' 省份']"
裸眼康复辅具展示系统的供应商城市是哪里？,商品数据,商品数据,['裸眼，康复辅具，展示系统，供应商，城市']
医院离心式冷水机的供应商省份有哪些？,日常问题,商品数据,"['医院', ' 离心式冷水机', ' 供应商', ' 省份']"
口腔锥形束CT的供应商地址是什么？,日常问题,商品数据,"['口腔锥形束CT', ' 供应商', ' 地址']"
UPS应急电源的供应商城市有哪些？,商品数据,商品数据,['UPSSupplierCity']
民医院远程诊断服务的供应商地址在哪里？,日常问题,商品数据,"['民医院', ' 远程诊断服务', ' 供应商', ' 地址']"
上海疾控应急作业平台建设的供应商省份是哪里？,商品数据,商品数据,"['上海市', ' 疾控', ' 应急', ' 作业', ' 平台', ' 建设', ' 供应商', ' 省份']"
上肢康复系统的供应商地址是什么？,日常问题,商品数据,"['上肢康复系统', ' 系统', ' 供应', ' 地址', ' 供应商']"
肌肉关节智能运动康复评估训练系统有哪些品牌？,商品数据,商品数据,"['肌肉关节', ' 智能运动康复评估训练系统', ' 品牌']"
智能矫正与经颅磁辅助治疗机器人的供应商城市有哪些？,商品数据,商品数据,"['智能矫正', ' 经颅磁辅助治疗机器人', ' 供应商城市']"
被服租赁、洗涤的供应商省份有哪些？,商品数据,商品数据,"['被服租赁', '洗涤', '供应商省份', ' 省份']"
医用家具的供应商地址在哪里？,日常问题,商品数据,"['医用家具', ' 供应商地址']"
医院医疗设备有哪些品牌？,商品数据,商品数据,"['医院', '医疗设备', '品牌']"
脉冲染料激光治疗仪的供应商省份是哪里？,商品数据,商品数据,"['脉冲染料激光治疗仪', ' 省份', ' 是', ' 供应商', ' 地址']"
病毒测序试剂的供应商城市有哪些？,日常问题,商品数据,"['病毒测序试剂', ' 供应商城市', ' 城市']"
污水新冠病毒监测与变异株检测试剂耗材的供应商地址是什么？,日常问题,商品数据,['污水，新冠病毒监测，试剂，耗材，供应商地址']
放射治疗计划系统的供应商省份有哪些？,商品数据,商品数据,"['放射治疗计划系统', ' 系统', ' 市场供应', ' 供应商省份', ' 省份']"
全自动发药机的供应商地址在哪里？,日常问题,商品数据,"['全自动发药机', ' 供应商地址', ' 上海']"
医疗设备维修维保外包的供应商城市有哪些？,商品数据,商品数据,"['医疗设备', ' 维修维保外包', ' 供应商城市', ' 城市']"
电子内窥镜主机系统（含一根电子治疗结肠镜）的供应商省份是哪里？,商品数据,商品数据,"['电子内窥镜主机系统', ' 包含', ' 电子治疗结肠镜', ' 供应商省份']"
低强度脉冲式超声波治疗仪的供应商城市有哪些？,商品数据,商品数据,"['低强度脉冲式超声波治疗仪', ' 供应商', ' 城市', ' 有哪些']"
学生智能体质体检健康测试设备的供应商地址是什么？,日常问题,商品数据,['学生，智能体质体检健康测试设备，供应商，地址']
医院X射线计算机体层摄影设备的供应商省份有哪些？,商品数据,商品数据,"['医院', 'X射线', '计算机体层摄影设备', '供应商', '省份']"
医院远程探视和远程会诊系统的供应商地址在哪里？,日常问题,商品数据,"['医院', ' 远程探视', ' 远程会诊系统', ' 供应商', ' 地址']"
无轨迹等张肌力测试康复训练系统的供应商品牌有哪些？,商品数据,商品数据,['品牌']
无轨迹等张肌力测试康复训练系统的价格范围是多少？,日常问题,商品数据,"['价格范围', ' 等张肌力测试康复训练系统']"
无轨迹等张肌力测试康复训练系统的供应商地址在哪里？,日常问题,商品数据,['供应商地址']
医院X射线计算机体层摄影设备的品牌有哪些？,商品数据,商品数据,"['医院', 'X射线计算机体层摄影设备', '品牌', '有']"
医院X射线计算机体层摄影设备的型号有哪些？,商品数据,商品数据,"['医院', 'X射线', '计算机体层摄影设备', '型号']"
气相色谱分析仪的品牌有哪些？,商品数据,商品数据,"['品牌', '气相色谱分析仪']"
医院X射线计算机体层摄影设备的供应商省份有哪些？,商品数据,商品数据,"['医院', 'X射线计算机体层摄影设备', '供应商省份', '省']"
太平洋安信农业保险股份有限公司上海分公司中标了哪些保险项目？,招标中标信息,政策文件信息,"['太平洋安信农业保险股份有限公司上海分公司', ' 中标', ' 保险项目']"
上海市青浦区朱家角人民医院是否承担了残疾人健康体检项目？,日常问题,政策文件信息,['上海市青浦区朱家角人民医院  ']
《电子招标投标办法》的发布时间是什么？,政策文件信息,政策文件信息,"['电子招标投标办法', ' 时间', ' 发布时间']"
《工程建设项目货物招标投标办法》的发布时间是什么？,政策文件信息,政策文件信息,['《工程建设项目货物招标投标办法》，发布时间']
《工程建设项目施工招标投标办法》的发布时间是什么？,政策文件信息,政策文件信息,['《工程建设项目施工招标投标办法》，发布时间']
《财政部关于印发《政府采购竞争性磋商采购方式管理暂行办法》的通知》的发布时间是什么？,政策文件信息,政策文件信息,['《政府采购竞争性磋商采购方式管理暂行办法》，《财政部关于印发《政府采购竞争性磋商采购方式管理暂行办法》的通知》']
《金融企业国有资产转让管理办法》的发布时间是什么？,政策文件信息,政策文件信息,['《金融企业国有资产转让管理办法》']
《财政部关于印发《政务信息系统政府采购管理暂行办法》的通知》的发布时间是什么？,政策文件信息,政策文件信息,['无']
《民航局机场司关于印发《民航专业工程建设项目招标投标管理办法》的通知》的发布时间是什么？,政策文件信息,政策文件信息,['民航局机场司，《民航专业工程建设项目招标投标管理办法》，发布日期']
《财政部关于印发《中央行政事业单位国有资产配置管理办法》的通知》的发布时间是什么？,政策文件信息,政策文件信息,['《财政部》，《中央行政事业单位国有资产配置管理办法》']
《房屋建筑和市政基础设施工程施工招标投标管理办法》的发布时间是什么？,政策内容,政策文件信息,['《房屋建筑和市政基础设施工程施工招标投标管理办法》，发布时间']
《财政部关于政府采购竞争性磋商采购方式管理暂行办法有关问题的补充通知》的发布时间是什么？,政策文件信息，日常问题,政策文件信息,['政策文件信息，日常问题']
《财政部关于在政府采购活动中查询及使用信用记录有关问题的通知》的发布时间是什么？,政策文件信息,政策文件信息,['《财政部关于在政府采购活动中查询及使用信用记录有关问题的通知》，发布时间']
《港口工程建设管理规定》的发布时间是什么？,政策文件信息,政策文件信息,['《港口工程建设管理规定》，发布时间']
《财政部关于做好政府采购信息公开工作的通知》的来源是什么？,政策文件信息,政策文件信息,"['《财政部关于做好政府采购信息公开工作的通知》', ' 财政部']"
《拍卖管理办法》的发布时间是什么？,政策文件信息,政策文件信息,['《拍卖管理办法》，发布时间']
《机动车拍卖规程》的发布时间是什么？,政策文件信息,政策文件信息,['《机动车拍卖规程》，发布时间']
《建筑工程设计招标投标管理办法》的发布时间是什么？,政策文件信息,政策文件信息,['《建筑工程设计招标投标管理办法》']
《财政部关于印发《政府采购进口产品管理办法》的通知》的发布时间是什么？,政策文件信息,政策文件信息,['无']
《工程建设项目招标投标活动投诉处理办法》的发布时间是什么？,政策文件信息,政策文件信息,['《工程建设项目招标投标活动投诉处理办法》，发布时间']
《财政部关于印发《金融企业非上市国有产权交易规则》的通知》的发布时间是什么？,政策文件信息,政策文件信息,['通知发布时间']
《地方国有资产监管工作指导监督办法》的发布时间是什么？,政策文件信息,政策文件信息,['地方国有资产监管工作指导监督办法，《地方国有资产监管工作指导监督办法》，发布时间']
《建筑工程施工发包与承包计价管理办法》的发布时间是什么？,政策文件信息,政策文件信息,['无']
《工业和信息化部、国家统计局、国家发展和改革委员会、财政部关于印发中小企业划型标准规定的通知》的发布时间是什么？,政策文件信息,政策文件信息,['通知发布时间']
《拍卖监督管理办法》的发布时间是什么？,政策文件信息,政策文件信息,['无']
《财政部关于印发《政府采购评审专家管理办法》的通知》的发布时间是什么？,政策文件信息,政策文件信息,"['《政府采购评审专家管理办法》', ' 财政部']"
《上海市规划和国土资源管理局关于印发《关于落实＜关于深化城市有机更新促进历史风貌保护工作的若干意见＞的规划土地管理实施细则》的通知》的发布时间是什么？,政策文件信息,政策文件信息,['《上海市规划和国土资源管理局关于印发《关于落实＜关于深化城市有机更新促进历史风貌保护工作的若干意见＞的规划土地管理实施细则》的通知》，发布时间']
《上海市土地交易市场监督管理办法》的发布时间是什么？,政策文件信息,政策文件信息,['上海市土地交易市场监督管理办法，《上海市土地交易市场监督管理办法》']
《上海市规划和自然资源局关于国有建设用地使用权招标拍卖挂牌出让投标竞买保证金专户管理有关问题的通知》的发布时间是什么？,政策文件信息,政策文件信息,['上海市规划和自然资源局，《上海市规划和自然资源局关于国有建设用地使用权招标拍卖挂牌出让投标竞买保证金专户管理有关问题的通知》']
《评标委员会和评标方法暂行规定》的发布时间是什么？,政策文件信息,政策文件信息,"['《评标委员会和评标方法暂行规定》', ' 发布时间']"
《评标专家和评标专家库管理暂行办法》的发布时间是什么？,政策文件信息,政策文件信息,['《评标专家和评标专家库管理暂行办法》，发布时间']
《拍卖术语》的发布时间是什么？,日常问题,政策文件信息,['《拍卖术语》，发布时间']
《行政单位国有资产管理暂行办法》的发布时间是什么？,政策文件信息,政策文件信息,['《行政单位国有资产管理暂行办法》，发布时间']
《最高人民法院关于审理涉及农村土地承包经营纠纷调解仲裁案件适用法律若干问题的解释》的发布时间是什么？,政策文件信息,政策文件信息,"['最高人民法院', ' 最高人民法院关于审理涉及农村土地承包经营纠纷调解仲裁案件适用法律若干问题的解释']"
《最高人民法院关于审理涉及农村集体土地行政案件若干问题的规定》的发布时间是什么？,政策文件信息,政策文件信息,['最高人民法院，关于审理涉及农村集体土地行政案件若干问题的规定，发布时间']
《艺术品经营管理办法》的发布时间是什么？,政策文件信息,政策文件信息,"['艺术品经营管理办法', '发布时间']"
《商业银行股权管理暂行办法》的发布时间是什么？,政策文件信息,政策文件信息,['无']
《企业国有资产监督管理暂行条例》的发布时间是什么？,日常问题,政策文件信息,['无']
《区域性股权市场监督管理试行办法》的发布时间是什么？,政策文件信息,政策文件信息,['《区域性股权市场监督管理试行办法》，发布时间']
《企业国有资产交易监督管理办法》的发布时间是什么？,政策文件信息,政策文件信息,"['《企业国有资产交易监督管理办法》', '发布时间']"
《上海市财政局关于印发《上海市创新产品政府首购和订购实施办法》的通知(2017)》的发布时间是什么？,政策文件信息,政策文件信息,['上海市财政局，《上海市创新产品政府首购和订购实施办法》，通知（2017）']
《上海市财政局关于印发《上海市电子政府采购管理暂行办法》的通知》的发布时间是什么？,政策文件信息,政策文件信息,['上海市财政局，《上海市电子政府采购管理暂行办法》，通知，《上海市财政局关于印发》，《上海市电子政府采购管理暂行办法》']
《上海市财政局关于印发《上海市政府采购供应商登记及诚信管理办法》的通知(2017)》的发布时间是什么？,政策文件信息,政策文件信息,"['上海市财政局', ' 上海市政府采购供应商登记及诚信管理办法', ' 2017', ' 通知']"
《企业国有资产评估管理暂行办法》的发布时间是什么？,政策文件信息,政策文件信息,['《企业国有资产评估管理暂行办法》，发布时间']
《上海市财政局关于2020年度第一批创新产品政府首购有关事项的通知》的发布时间是什么？,政策文件信息,政策文件信息,['上海市财政局，《上海市财政局关于2020年度第一批创新产品政府首购有关事项的通知》']
《上海市财政局关于2019年度创新产品政府首购有关事项的通知》的发布时间是什么？,政策文件信息,政策文件信息,['上海市财政局，《上海市财政局关于2019年度创新产品政府首购有关事项的通知》']
《上海市财政局关于印发《上海市政府采购集中采购机构监督考核管理办法》的通知》的发布时间是什么？,政策文件信息,政策文件信息,['上海市财政局，《上海市政府采购集中采购机构监督考核管理办法》，通知']
《上海市财政局关于印发《上海市政府采购评审专家和评审工作管理办法》的通知(2018)(附：上海市政府采购评审专家工作纪律)》的发布时间是什么？,政策文件信息,政策文件信息,['上海市财政局，《上海市政府采购评审专家和评审工作管理办法》，2018，通知，发布，《上海市政府采购评审专家工作纪律》']
《上海市财政局关于印发《上海市政府采购协议采购网上供货管理办法》的通知(2017)》的发布时间是什么？,政策文件信息,政策文件信息,['《上海市财政局关于印发《上海市政府采购协议采购网上供货管理办法》的通知(2017)》']
《上海市公共资源交易平台管理暂行办法》的发布时间是什么？,政策文件信息,政策文件信息,['上海市公共资源交易平台管理暂行办法']
《上海市城乡建设和交通委员会关于印发《关于加强本市大型居住社区工程建设服务和管理工作的若干意见》的通知》的发布时间是什么？,政策文件信息,政策文件信息,"['上海市城乡建设', '交通委员会', '通知', '时间']"
《上海市城乡建设和管理委员会关于印发《上海市建筑施工企业施工现场项目管理机构关键岗位人员配备指南》的通知》的发布时间是什么？,政策文件信息,政策文件信息,"['上海市城乡建设和管理委员会', ' 关于印发', ' 上海市建筑施工企业施工现场项目管理机构关键岗位人员配备指南', ' 通知', ' 发布时间']"
上海市浦东新区南汇新城镇社区卫生服务中心保安服务的中标金额是多少？,商品数据，招标中标信息,招标中标信息,"['上海市浦东新区', ' 南汇新城镇社区卫生服务中心', ' 社区卫生服务中心', ' 保安服务', ' 中标金额', ' 上海市浦东新区南汇新城镇社区卫生服务中心保安服务']"
"""电子招标投标办法""的发布时间是什么？",政策文件信息,政策文件信息,['电子招标投标办法']
“工程建设项目货物招标投标办法”的信息来源是什么？,政策文件信息,政策文件信息,"['工程建设项目', ' 货物招标投标办法']"
2020年11月发布了多少个政策文件？,政策文件信息,政策文件信息,['2020年，11月，政策文件']
“财政部关于印发《政府采购竞争性磋商采购方式管理暂行办法》的通知”是什么时候发布的？,政策文件信息,政策文件信息,['财政部，《政府采购竞争性磋商采购方式管理暂行办法》，通知']
“金融企业国有资产转让管理办法”的信息来源是什么？,政策文件信息,政策文件信息,"['金融企业', '国有资产', '转让管理办法', '信息来源']"
2020年12月有哪些文件是由国家发布的？,政策文件信息,政策文件信息,"['国家', ' 文件']"
“民航局机场司关于印发《民航专业工程建设项目招标投标管理办法》的通知”的发布时间是什么时候？,政策文件信息,政策文件信息,['民航局机场司，《民航专业工程建设项目招标投标管理办法》，通知发布时间']
“房屋建筑和市政基础设施工程施工招标投标管理办法”的信息来源是哪里？,政策文件信息,政策文件信息,"['房屋建筑', '市政基础设施', '工程施工', '招标投标管理办法', '信息来源', '哪里']"
2020年国家发布了多少个关于政府采购的办法？,政策文件信息,政策文件信息,"['2020年', '国家', '发布的', '办法']"
“上海市规划和国土资源管理局关于印发《关于落实＜关于深化城市有机更新促进历史风貌保护工作的若干意见＞的规划土地管理实施细则》的通知”是由哪个信息来源发布的？,政策文件信息,政策文件信息,['上海市规划和国土资源管理局、《关于落实＜关于深化城市有机更新促进历史风貌保护工作的若干意见＞的规划土地管理实施细则》通知、印发、规划、国土资源管理局']
2020年12月22日发布了多少个政策文件？,政策文件信息,政策文件信息,"['2020年', '12月', '22日', '发布', '政策', '文件']"
“评标委员会和评标方法暂行规定”的发布时间是什么？,政策内容,政策文件信息,"['《评标委员会和评标方法暂行规定》', ' 发布时间']"
“评标专家和评标专家库管理暂行办法”的信息来源是什么？,政策文件信息,政策文件信息,['政策文件信息']
2020年11月18日有哪些文件被发布？,政策文件信息,政策文件信息,"['2020年11月18日', ' 文件', ' 发布']"
“最高人民法院关于审理涉及农村土地承包经营纠纷调解仲裁案件适用法律若干问题的解释”的发布时间是什么时候？,政策文件信息,政策文件信息,['最高人民法院，关于审理涉及农村土地承包经营纠纷调解仲裁案件适用法律若干问题的解释']
“艺术品经营管理办法”的信息来源是哪里？,政策文件信息,政策文件信息,"['艺术品经营管理办法', ' 信息来源', ' 是哪里']"
2020年12月10日发布了多少个文件？,日常问题,政策文件信息,"['2020年12月10日', ' 发布了', ' 多少个', ' 文件']"
“商业银行股权管理暂行办法”的发布时间是什么？,政策文件信息,政策文件信息,['商业银行股权管理暂行办法']
“企业国有资产监督管理暂行条例”的信息来源是什么？,政策文件信息,政策文件信息,['暂行条例']
2020年11月有哪些文件是由上海市发布的？,政策文件信息,政策文件信息,"['上海市', ' 2020年11月', ' 11月']"
“工程建设项目施工招标投标办法”是何时发布的？,政策文件信息,政策文件信息,['工程建设项目施工招标投标办法']
“财政部关于印发《政务信息系统政府采购管理暂行办法》的通知”的信息来源是哪里？,政策文件信息,政策文件信息,"['财政部', ' 政府部门', ' 通知', ' 文件', ' 政策文件信息']"
2020年11月18日国家发布了哪些政策文件？,政策文件信息,政策文件信息,"['2020年11月18日', ' 国家', ' 政策文件']"
“拍卖管理办法”的发布时间是什么？,政策文件信息,政策文件信息,['[“拍卖管理办法”]']
“机动车拍卖规程”的信息来源是什么？,日常问题,政策文件信息,['机动车拍卖规程  ']
2020年12月22日国家发布了多少个政策文件？,政策文件信息,政策文件信息,['2020年12月22日，国家，政策文件']
“建筑工程设计招标投标管理办法”的发布时间是什么时候？,政策文件信息,政策文件信息,['建筑工程设计招标投标管理办法']
“财政部关于印发《政府采购进口产品管理办法》的通知”的信息来源是哪里？,政策文件信息,政策文件信息,"['财政部', ' 政府采购进口产品管理办法', ' 通知']"
2020年3月11日发布了哪些文件？,政策文件信息,政策文件信息,['2020年3月11日']
“财政部关于政府采购竞争性磋商采购方式管理暂行办法有关问题的补充通知”的发布时间是什么？,政策文件信息,政策文件信息,"['财政部', ' 政府采购竞争性磋商采购方式管理暂行办法', ' 关于政府采购竞争性磋商采购方式管理暂行办法有关问题', ' 补充通知']"
“港口工程建设管理规定”的信息来源是什么？,政策内容,政策文件信息,"['港口建设', '工程管理', '规定', '信息来源']"
2020年12月10日上海市发布了哪些政策文件？,政策文件信息,政策文件信息,"['2020年12月10日', ' 上海市', ' 政策文件']"
“财政部关于做好政府采购信息公开工作的通知”的发布时间是什么时候？,政策文件信息,政策文件信息,['财政部，政府采购信息公开工作，通知']
“拍卖监督管理办法”的信息来源是哪里？,政策文件信息,政策文件信息,['拍卖监督管理办法']
2020年12月22日上海市发布了多少个政策文件？,政策文件信息,政策文件信息,"['2020年', '12月', '22日', '上海市', '政策文件']"
“评标专家和评标专家库管理暂行办法”的发布时间是什么？,政策文件信息,政策文件信息,"['评标专家', ' 评标专家库管理暂行办法', ' 发布时间']"
“行政单位国有资产管理暂行办法”的信息来源是什么？,政策文件信息,政策文件信息,['政策文件信息']
2020年12月10日国家发布了多少个政策文件？,政策文件信息,政策文件信息,"['2020年12月10日', ' 国家', ' 政策文件']"
“最高人民法院关于审理涉及农村集体土地行政案件若干问题的规定”的发布时间是什么时候？,政策文件信息,政策文件信息,"['最高人民法院', ' 关于审理涉及农村集体土地行政案件若干问题的规定']"
“艺术品经营管理办法”的信息来源是哪里？,政策文件信息,政策文件信息,['艺术品经营管理办法']
2020年11月18日有哪些文件是由上海市发布的？,政策文件信息,政策文件信息,"['上海市', '2020年11月18日', '文件', '发布']"
“商业银行股权管理暂行办法”的发布时间是什么？,政策文件信息,政策文件信息,['商业银行股权管理暂行办法']
“企业国有资产监督管理暂行条例”的信息来源是什么？,政策文件信息,政策文件信息,['暂行条例']
2020年12月22日有哪些文件是由国家发布的？,政策文件信息,政策文件信息,"['国家', ' 2020年12月22日']"
“区域性股权市场监督管理试行办法”的发布时间是什么时候？,政策文件信息,政策文件信息,['区域性股权市场监督管理试行办法']
“企业国有资产交易监督管理办法”的信息来源是哪里？,政策文件信息,政策文件信息,['企业国有资产交易监督管理办法']
2020年11月17日国家发布了哪些政策文件？,政策文件信息,政策文件信息,"['2020年11月17日', ' 国家', ' 政策文件']"
“上海市创新产品政府首购和订购实施办法”的发布时间是什么？,政策内容,政策文件信息,"['上海市', ' 创新产品', ' 政府', ' 首购', ' 订购', ' 实施办法']"
“上海市财政局关于印发《上海市电子政府采购管理暂行办法》的通知”的信息来源是哪里？,政策文件信息,政策文件信息,['上海市财政局，《上海市电子政府采购管理暂行办法》，通知']
2020年12月22日有哪些文件是由上海市发布的？,政策文件信息,政策文件信息,"['2020年12月22日', ' 上海市']"
上海硕业物业管理有限公司的地址在哪里？,日常问题,招标中标信息,"['上海硕业物业管理有限公司', ' 上海', ' 硕业物业管理有限公司', ' 上海市']"
上海市浦东新区南汇新城镇社区卫生服务中心的联系电话是什么？,日常问题,招标中标信息,"['上海市', '浦东新区', '南汇新城镇', '社区卫生服务中心']"
西院肝病楼开办费-标识的中标金额是多少？,商品数据,招标中标信息,"['西院肝病楼', ' 开办费', ' 标识', ' 中标金额']"
上海白衣标识有限公司的地址是什么？,日常问题,招标中标信息,"['上海白衣标识有限公司', ' 地址']"
上海中医药大学附属曙光医院的联系电话是什么？,日常问题,招标中标信息,['上海中医药大学附属曙光医院']
病媒防制工作委托管理的中标金额是多少？,招标中标信息,招标中标信息,"['病媒防制工作', ' 委托管理', ' 中标金额']"
上海闽泰环境卫生服务有限公司的地址在哪里？,日常问题,招标中标信息,"['上海闽泰环境卫生服务有限公司', ' 上海市', ' 上海市黄浦区', ' 地址']"
徐汇区大华医院保洁配送管理外包服务政府采购项目的标的名称中，中标供应商名称有哪些？,招标中标信息,招标中标信息,"['徐汇区大华医院', '保洁配送管理外包服务政府采购项目', '中标供应商名称', '中标']"
上海电机学院的中标供应商名称中，标的名称有哪些？,招标中标信息,招标中标信息,"['上海电机学院', ' 中标供应商名称', ' 标的名称']"
上海市嘉定区中心医院的采购人名称中，中标供应商名称有哪些？,招标中标信息,招标中标信息,"['上海市嘉定区中心医院', ' 中标供应商名称']"
上海市东方医院的标的名称中，采购人名称有哪些？,商品数据,招标中标信息,"['上海市东方医院', ' 东方医院']"
上海市卫生健康委员会监督所食堂管理项目的中标供应商名称中，标的名称有哪些？,招标中标信息,招标中标信息,"['上海市卫生健康委员会监督所食堂管理项目', ' 中标供应商名称', ' 标的名称']"
上海市浦东新区金杨社区卫生服务中心物业管理服务的采购人名称中，标的名称有哪些？,商品数据,招标中标信息,"['上海市浦东新区金杨社区卫生服务中心', ' 物业管理服务', ' 采购人名称', ' 标的名称']"
上海霖置实业有限公司的采购人名称中，中标供应商名称有哪些？,招标中标信息,招标中标信息,"['上海霖置实业有限公司', ' 中标供应商名称']"
上海市青浦区朱家角人民医院的采购人名称中，标的名称有哪些？,商品数据,招标中标信息,"['上海市青浦区朱家角人民医院', ' 青浦区朱家角人民医院', ' 上海市青浦区朱家角人民医院', ' 朱家角人民医院', ' 朱家角人民医院', ' 医院', ' 青浦区朱家角人民医院', ' 青浦区', ' 上海市', ' 上海', ' 医院', ' 朱家角', ' 区', ' 人民医院']"
上海济博贸易商行的中标供应商名称中，采购人名称有哪些？,招标中标信息,招标中标信息,"['上海济博贸易商行', ' 中标供应商名称', ' 采购人名称']"
新华人寿保险股份有限公司上海分公司的采购人名称中，标的名称有哪些？,商品数据,招标中标信息,"['新华人寿保险股份有限公司上海分公司', ' 采购人名称', ' 标的名称']"
上海市市级残疾人自助互助康复服务的采购人名称中，标的名称有哪些？,招标中标信息,招标中标信息,"['上海市市级残疾人自助互助康复服务', ' 标的名称']"
"市级医院肿瘤综合诊治COC（一期）大系统建设项目, 上海市级医院临床专科能力促进子系统建设项目的中标供应商名称中，采购人名称有哪些？",招标中标信息,招标中标信息,"['市级医院', ' 肿瘤综合诊治COC（一期），上海市级医院临床专科能力促进子系统建设', ' 上海政府采购中心', ' 上海市卫生健康委员会', ' 上海市浦东新区卫生健康委员会', ' 医院', ' 肿瘤科', ' 部门', ' 采购人名称', ' 中标供应商名称']"
上海爱姆森医疗科技发展有限公司的中标供应商名称中，标的名称有哪些？,招标中标信息,招标中标信息,"['上海爱姆森医疗科技发展有限公司', ' 中标供应商名称', ' 标的名称']"
上海建科检验有限公司的采购人名称中，标的名称有哪些？,商品数据,招标中标信息,"['上海建科检验有限公司', ' 采购人名称', ' 标的名称']"
上海市青浦区赵巷镇社区卫生服务中心的采购人名称中，中标供应商名称有哪些？,招标中标信息,招标中标信息,"['上海市青浦区赵巷镇社区卫生服务中心', ' 中标供应商名称']"
上海申卓国际贸易有限公司的采购人名称中，中标供应商名称有哪些？,招标中标信息,招标中标信息,"['上海申卓国际贸易有限公司', ' 中标供应商名称']"
超声诊断仪的中标供应商名称中，采购人名称有哪些？,招标中标信息,招标中标信息,"['中标供应商名称', '采购人名称']"
复盛建设工程（上海）有限公司的标的名称中，采购人名称有哪些？,商品数据,招标中标信息,"['复盛建设工程（上海）有限公司', '标的名称', '采购人名称']"
65周岁以上老年人健康体检的采购人名称中，中标供应商名称有哪些？,招标中标信息,招标中标信息,"['老年人健康体检', ' 中标供应商名称', ' 购买者', ' 采购人名称', ' 名称']"
"重症医学病房-CT, 重症医学病房-超声诊断仪的标的名称中，采购人名称有哪些？",商品数据,招标中标信息,"['重症医学病房-CT', ' 重症医学病房-超声诊断仪的标的名称', ' 采购人名称']"
合伙人能否将其在合伙企业中的财产份额进行出质？需要哪些程序？,日常问题,政策内容,"['合伙人', ' 财产份额', ' 合伙企业', ' 程序']"
交易所在哪些情况下会被市发展改革部门处以罚款？,政策内容,政策内容,"['交易所', ' 发展改革部门', ' 罚款', ' 市场']"
农民在农业生产中使用了国家明令淘汰的农药，会受到什么处罚？,政策内容,政策内容,"['农民', ' 农业生产', ' 国家', ' 明令淘汰', ' 农药', ' 处罚']"
如何确保政府采购信息的公开透明？,日常问题,政策内容,"['政府采购信息', ' 公开透明']"
有意受让土地使用权者需要从出让人处获取哪些资料？,实体提取：出让方，受让方，出让土地，受让土地，土地使用权，出让土地使用证，出让土地用途，出让土地面积，出让土地位置，出让土地性质，出让土地范围，出让土地界线，出让土地权利人，出让土地权属状况，出让土地登记机关，出让土地登记证，出让土地交易市场，出让土地交易价格，出让土地交易方式，出让土地交易渠道，出让土地交易时间，出让土地交易地点，出让土地交易条件，出让土地交易合同，出让土地交易手续，出让土地交易税费，出让土地交易担保，出让土地交易保险，出让土地交易风险，出让土地交易违约责任，出让土地交易纠纷解决途径，出让土地交易投诉渠道，出让土地交易举报热线，出让土地交易仲裁机构，出让土地交易诉讼时效，出让土地交易执行情况，出让土地交易评估报告，出让土地交易审计报告，出让土地交易审计师，出让土地交易审计单位，出让土地交易审计日期，出让土地交易审计结论，出让土地交易审计意见，出让土地交易审计发现，出让土地交易审计整改建议，出让土地交易审计处罚，出让土地交易审计罚款，出让土地交易审计扣押，出让土地交易审计查封，出让土地交易审计冻结，出让土地交易审计拍卖，出让土地交易审计转让，出让土地交易审计租赁，出让土地交易审计抵押，出让土地交易审计质押，出让土地交易审计留置，出让土地交易审计变卖，出让土地交易审计抵债，出让土地交易审计补偿，出让土地交易审计赔偿，出让土地交易审计损失，出让土地交易审计利润，出让土地交易审计成本，出让土地交易审计收入，出让土地交易审计支出，出让土地交易审计费用，出让土地交易审计预算，出让土地交易审计决算，出让土地交易审计盈亏，出让土地交易审计盈利，出让土地交易审计亏损，出让土地交易审计收益，出让土地交易审计损失，出让土地交易审计成本，出让土地交易审计收入，出让土地交易审计支出，出让土地交易审计费用，出让土地交易审计预算，出让土地交易审计决算，出让土地交易审计盈亏，出让土地交易审计盈利，出让土地交易审计亏损，出让土地交易审计收益，出让土地交易审计损失，出让土地交易审计成本，出让土地交易审计收入，出让土地交易审计支出，出让土地交易审计费用，出让土地交易审计预算，出让土地交易审计决算,政策内容,['出让方，受让方，出让土地，受让土地，土地使用权，出让土地使用证，出让土地用途，出让土地面积，出让土地位置，出让土地性质，出让土地范围，出让土地界线，出让土地权利人，出让土地权属状况，出让土地登记机关，出让土地登记证，出让土地交易市场，出让土地交易价格，出让土地交易方式，出让土地交易渠道，出让土地交易时间，出让土地交易地点，出让土地交易条件，出让土地交易合同，出让土地交易手续，出让土地交易税费，出让土地交易担保，出让土地交易保险，出让土地交易风险，出让土地交易违约责任，出让土地交易纠纷解决途径，出让土地交易投诉渠道，出让土地交易举报热线，出让土地交易仲裁机构，出让土地交易诉讼时效，出让土地交易执行情况，出让土地交易评估报告，出让土地交易审计报告，出让土地交易审计师，出让土地交易审计单位，出让土地交易审计日期，出让土地交易审计结论，出让土地交易审计意见，出让土地交易审计发现，出让土地交易审计整改建议，出让土地交易审计处罚，出让土地交易审计罚款，出让土地交易审计扣押，出让土地交易审计查封，出让土地交易审计冻结，出让土地交易审计拍卖，出让土地交易审计转让，出让土地交易审计租赁，出让土地交易审计抵押，出让土地交易审计质押，出让土地交易审计留置，出让土地交易审计变卖，出让土地交易审计抵债，出让土地交易审计补偿，出让土地交易审计赔偿，出让土地交易审计损失，出让土地交易审计利润，出让土地交易审计成本，出让土地交易审计收入，出让土地交易审计支出，出让土地交易审计费用，出让土地交易审计预算，出让土地交易审计决算，出让土地交易审计盈亏，出让土地交易审计盈利，出让土地交易审计亏损，出让土地交易审计收益，出让土地交易审计损失，出让土地交易审计成本，出让土地交易审计收入，出让土地交易审计支出，出让土地交易审计费用，出让土地交易审计预算，出让土地交易审计决算，出让土地交易审计盈亏，出让土地交易审计盈利，出让土地交易审计亏损，出让土地交易审计收益，出让土地交易审计损失，出让土地交易审计成本，出让土地交易审计收入，出让土地交易审计支出，出让土地交易审计费用，出让土地交易审计预算，出让土地交易审计决算']
在拍卖活动中，如果某方当事人违反了公开、公平、公正、诚实信用的原则，会有什么后果？,日常问题,政策内容,"['拍卖活动', ' 公开', ' 公平', ' 公正', ' 诚实信用', ' 合规性']"
在本市社会投资的房屋建筑工程中，建设单位是否还需要提供银行资金到位证明和预付款证明？,日常问题,政策内容,"['本市', ' 社会投资', ' 房屋建筑工程', ' 建设单位', ' 银行资金到位证明', ' 预付款证明']"
采购人在与供应商交往过程中有哪些禁止行为？,商品数据,政策内容,"['采购人', '供应商', '交往过程', '禁止行为']"
采购人能否与政务信息系统运行维护供应商签订超过三年的政府采购合同？,政策内容,政策内容,"['采购人', ' 财政部', ' 政务信息系统运行维护供应商', ' 签订', ' 超过三年', ' 政府采购合同']"
对于上海市公共资源交易目录外的新增交易活动，应如何处理交易平台问题？,日常问题,政策内容,"['上海市公共资源交易目录', ' 新增交易活动', ' 平台交易问题']"
在国有企业改革中，如何确保党组织的法定地位和发挥其政治核心作用？,政策内容,政策内容,"['国有企业', ' 改革', ' 党组织', ' 法定地位', ' 发挥其政治核心作用']"
委托拍卖合同签订时，委托人如何交付拍卖标的？,日常问题,政策内容,"['委托人', '拍卖标的', '委托人', '拍卖标的']"
招投标监管部门在信用标管理方面有哪些具体职责？,政策内容,政策内容,"['招投标监管部门', '信用标管理', '职责']"
如果在招投标过程中遇到合同纠纷，是否可以直接引用《中华人民共和国民法典》进行维权？,政策内容,政策内容,['《中华人民共和国民法典》，合同纠纷，维权']
交易主体在进行招投标活动前，必须通过哪些方式进行身份认证？,日常问题,政策内容,"['交易主体', '招投标活动', '身份认证']"
采购人在进行政府采购时，是否可以按照个人意愿选择供应商？,日常问题,政策内容,"['采购人', ' 政府采购', ' 供应商', ' 个人意愿']"
对于不属于工程建设项目但属于固定资产投资的货物招标投标活动，应如何执行相关规定？,政策内容,政策内容,"['固定资产投资', ' 货物招标投标活动', ' 规定']"
招标人在设定投标人资格要求时，哪些行为会被视为以不合理条件限制或排斥潜在投标人？,"实体提取：招标人, 投标人, 资格要求, 竞争对手, 合同, 市场需求, 采购计划, 法律法规, 政策规定, 不合理条件, 排斥潜在投标人, 所有者权益, 财务报表, 平台交易, 行业标准, 政府机构, 投标文件, 投标程序, 公开透明, 可靠性, 安全保障, 诚信记录, 投标保证金, 综合评估, 资质证书, 法律法规要求, 供应商资质, 监管部门, 投标有效期, 投标报价, 验证机制, 投标人背景, 评审过程, 中标结果, 标准化流程, 评价指标, 评标委员会, 投标人资格, 违规行为, 举报投诉, 招标公告, 投标邀请函, 项目预算, 付款方式, 保密协议, 投标策略, 项目进度, 质量保证, 投诉处理, 法律诉讼, 仲裁程序, 法律风险, 法律责任, 法律救济, 法律咨询, 法律服务, 法律援助, 法律合规, 法律审查, 法律意见书, 法律文书, 法律事务, 法律知识, 法律体系, 法律规范, 法律程序, 法律制度, 法律法规制定, 法律执行, 法律监督, 法律宣传, 法律培训, 法律考试, 法律教育, 法律研究, 法律咨询, 法律援助, 法律合规, 法律审核, 法律调查, 法律调查报告, 法律意见, 法律建议, 法律方案, 法律合同, 法律条款, 法律事务管理, 法律事务人员, 法律事务机构, 法律事务组织, 法律事务团队, 法律事务中心, 法律事务室, 法律事务部, 法律事务科, 法律事务组, 法律事务处, 法律事务办, 法律事务科,",政策内容,"['招标人', ' 投标人', ' 资格要求', ' 竞争对手', ' 合同', ' 市场需求', ' 采购计划', ' 法律法规', ' 政策规定', ' 不合理条件', ' 排斥潜在投标人', ' 所有者权益', ' 财务报表', ' 平台交易', ' 行业标准', ' 政府机构', ' 投标文件', ' 投标程序', ' 公开透明', ' 可靠性', ' 安全保障', ' 诚信记录', ' 投标保证金', ' 综合评估', ' 资质证书', ' 法律法规要求', ' 供应商资质', ' 监管部门', ' 投标有效期', ' 投标报价', ' 验证机制', ' 投标人背景', ' 评审过程', ' 中标结果', ' 标准化流程', ' 评价指标', ' 评标委员会', ' 投标人资格', ' 违规行为', ' 举报投诉', ' 招标公告', ' 投标邀请函', ' 项目预算', ' 付款方式', ' 保密协议', ' 投标策略', ' 项目进度', ' 质量保证', ' 投诉处理', ' 法律诉讼', ' 仲裁程序', ' 法律风险', ' 法律责任', ' 法律救济', ' 法律咨询', ' 法律服务', ' 法律援助', ' 法律合规', ' 法律审查', ' 法律意见书', ' 法律文书', ' 法律事务', ' 法律知识', ' 法律体系', ' 法律规范', ' 法律程序', ' 法律制度', ' 法律法规制定', ' 法律执行', ' 法律监督', ' 法律宣传', ' 法律培训', ' 法律考试', ' 法律教育', ' 法律研究', ' 法律咨询', ' 法律援助', ' 法律合规', ' 法律审核', ' 法律调查', ' 法律调查报告', ' 法律意见', ' 法律建议', ' 法律方案', ' 法律合同', ' 法律条款', ' 法律事务管理', ' 法律事务人员', ' 法律事务机构', ' 法律事务组织', ' 法律事务团队', ' 法律事务中心', ' 法律事务室', ' 法律事务部', ' 法律事务科', ' 法律事务组', ' 法律事务处', ' 法律事务办', ' 法律事务科', '']"
招标人或其委托的招标代理机构在发布资格预审公告、招标公告或投标邀请书时，需要包含哪些信息？,政策文件信息,政策内容,"['招标人', '招标代理机构', '资格预审公告', '招标公告', '投标邀请书', '发布', '包含']"
联交所能否为非公开协议租赁的双方提供登记和资金结算服务？,日常问题,政策内容,"['联交所', ' 公开协议', ' 非公开协议', ' 租赁', ' 登记', ' 资金结算服务']"
在承包期内，发包方是否有权调整承包地？,政策内容,政策内容,['发包方，承包地，承包期']
如何判断采购文件是否存在限制性和倾向性？,政策文件信息,政策内容,"['采购文件', ' 限制性', ' 倾向性']"
财政部门如何实现对事业单位国有资产的动态管理？,政策内容,政策内容,"['财政部门', '事业单位', '国有资产', '动态管理']"
哪些企业属于国家出资企业的范畴？,政策内容,政策内容,"['国家出资企业', ' 企业']"
第三方机构在碳排放核查过程中，如果出具了虚假的核查报告，会受到怎样的处罚？,政策内容,政策内容,"['第三方机构', ' 碳排放核查过程', ' 出具虚假的核查报告', ' 处罚']"
集体经济组织在参与镇村规划编制和村民住宅用地管理时，需要履行哪些职责？,政策内容,政策内容,"['集体经济组织', ' 镇村规划编制', ' 村民住宅用地管理', ' 履行职责']"
保险公司变更注册资本时，需要提交哪些关键材料？,日常问题,政策内容,"['保险公司的名称', ' 注册资本', ' 关键材料']"
历史文化名城的环境遭到严重破坏，会有什么后果？,日常问题,政策内容,"['历史文化名城', ' 环境', ' 破坏', ' 后果']"
第三方机构在碳排放核查中违规，会受到哪些处罚？,政策内容,政策内容,"['第三方机构', ' 碳排放核查', ' 违规', ' 处罚']"
如果国有金融企业未完成公司制改革，其子公司的增资行为需要报备吗？,政策文件信息,政策内容,"['国有金融企业', '公司制改革', '增资行为', '子公司', '报备']"
如果企业在过渡期内不符合相关政策要求，应该如何处理？,政策内容,政策内容,"['企业', ' 过渡期', ' 政策要求', ' 合规性', ' 相关规定', ' 等价关系']"
闲置土地的动工开发时间如何重新起算？,政策内容,政策内容,"['闲置土地', '动工开发时间', '重新起算']"
投标保证金的到账截止时间应如何设定？,日常问题,政策内容,"['投标保证金', '到账截止时间', '应如何设定']"
如果企业在“195区域”内擅自分割转让土地使用权，会有什么后果？,政策内容,政策内容,"['195区域', '擅自分割转让土地使用权', '企业']"
投标人能否使用银行保函代替现金提交投标保证金？,日常问题,政策内容,"['投标人', ' 银行保函', ' 现金', ' 投标保证金']"
如何确定政府采购的资金节约率？,政策内容,政策内容,['政府采购资金节约率']
农村土地承包经营权证的发放管理由哪个部门负责？,政策文件信息,政策内容,"['农村土地承包经营权证', ' 发放管理', ' 部门', ' 负责']"
事业单位的国有资产评估项目需要经过哪些审批程序？,日常问题,政策内容,"['事业单位', ' 国有资产', ' 评估项目', ' 审批程序']"
在招投标过程中，如果发现营商环境方面的问题，可以通过哪些途径进行投诉举报？,日常问题,政策内容,"['营商环境', ' 投诉举报', ' 投诉举报途径']"
产权转让项目首次正式信息披露的转让底价有何要求？,政策内容,政策内容,"['产权转让项目', ' 转让底价', ' 首次正式信息披露', ' 政策文件信息']"
综合类会员和自营类会员在结算部门的职责上有何区别？,日常问题,政策内容,"['综合类会员', ' 自营类会员', ' 结算部门', ' 职责']"
国有资产监管机构在履行出资人职责时，应如何界定监管边界？,政策内容,政策内容,"['国有资产监管机构', ' 履行出资人职责', ' 监管边界', ' 国有资产监管机构', ' 履行出资人职责', ' 国有资产监管机构', ' 监管边界', ' 国有资产监管机构']"
如果对本规范的内容有疑问，应该向哪个部门咨询？,日常问题,政策内容,['部门  ']
在招投标过程中，如何快速办理简易公证事项和查询公证信息？,日常问题,政策内容,"['招投标', ' 公证事项', ' 查询公证信息']"
国有资产监督管理机构的具体职责包括哪些方面？,政策内容,政策内容,"['国有资产监督管理机构', ' 职责', ' 包括', ' 方面']"
市发展改革部门和行业主管部门在公共资源交易中具体负责哪些方面的数据质量评价？,日常问题,政策内容,"['市发展改革部门', ' 行业主管部门', ' 公共资源交易', ' 数据质量评价']"
挂牌出让国有土地使用权的过程中，如何确定最终的土地使用者？,商品数据,政策内容,"['挂牌出让国有土地使用权', '最终', '土地使用者']"
拍卖企业在举办拍卖活动时，公告发布的时间和媒体选择有哪些具体要求？,商品数据,政策内容,"['拍卖企业', ' 拍卖活动', ' 公告发布时间', ' 媒体选择', ' 具体要求']"
在推广托管服务模式时，如何确保农户的承包关系不被改变？,日常问题,政策内容,['承包关系，农户，承包关系']
建设管理部门在记录从业单位的不良信用信息后，需要多久将其记入市建管平台？,政策内容,政策内容,"['建设管理部门', ' 记录从业单位的不良信用信息', ' 市建管平台']"
在拍卖过程中，如果我出价后反悔了，可以撤回我的出价吗？,日常问题,政策内容,"['反悔', ' 反悔', ' 起价', ' 出价', ' 策略', ' 反悔', ' 反悔']"
中标后，招标人和中标人是否可以签订与原投标文件内容不一致的合同？,招标中标信息,政策内容,"['招标人', ' 中标人', ' 原投标文件', ' 合同', ' 投标文件内容']"
询价采购中，供应商提交响应文件的截止时间最少需要提前多少天通知？,日常问题,政策内容,"['供应商', ' 提交响应文件的截止时间', ' 最少', ' 需要', ' 提前', ' 多少', ' 天', ' 通知']"
如果出让合同约定由受让人拆除原有建筑物，受让人支付出让金后可以获得什么证明？,商品数据,政策内容,"['出让合同', ' 受让人', ' 原有建筑物', ' 购买行为', ' 出让金', ' 提供证明']"
评标专家入选专家库有哪些途径？,日常问题,政策内容,"['评标专家', '入选', '专家库', '途径']"
借碳期限届满后，如果借入方未偿还所借入的配额，交易所将如何处理？,日常问题,政策内容,['到期，借入方，偿还，配额，交易所']
财政部门在事业单位国有资产管理中的具体职责包括哪些？,政策内容,政策内容,"['财政部门', '事业单位', '国有资产管理', '职责']"
在哪些情况下，交易所会发出风险警示公告？,政策内容,政策内容,"['交易所', ' 股票市场', ' 风险警示公告', ' 发布时机', ' 情况']"
哪些情况下可以开展预选招标？,政策内容,政策内容,['哪些情况下，可以开展预选招标？']
施工招标中，如果设有标底，评标标底的具体确定方法有哪些？,商品数据,政策内容,"['标底', '评标', '具体', '确定', '方法', '有哪些']"
境外国有产权转让的价款支付方式有何规定？,政策内容,政策内容,['境外国有产权，转让，价款，支付方式，规定']
新型农业经营主体在建设配套辅助设施时能享受哪些政策优惠？,政策内容,政策内容,"['新型农业', ' 农业经营主体', ' 建设配套辅助设施', ' 政策优惠']"
在处理多地块平衡、组合出让的历史风貌保护项目时，需要特别注意哪些方面？,"实体提取：多地块平衡, 组合出让, 历史风貌保护项目, 多块土地, 平衡, 面积, 地块, 面积限制, 土地面积限制, 面积比例, 面积均衡, 区域, 历史文化保护, 历史风貌, 保护, 老旧区改造, 历史街区, 历史建筑, 历史文化遗产, 传统建筑, 保护性建设, 保护性规划, 保护性设计, 保护性施工, 保护性管理, 保护性使用, 保护性开发, 保护性更新, 保护性维护, 保护性修复, 保护性更新, 保护性管理, 保护性规划, 保护性设计, 保护性施工, 保护性管理, 保护性更新, 保护性维护, 保护性修复, 保护性更新, 保护性管理, 保护性规划, 保护性设计, 保护性施工, 保护性管理, 保护性更新, 保护性维护, 保护性修复, 保护性更新, 保护性管理, 保护性规划, 保护性设计, 保护性施工, 保护性管理, 保护性更新, 保护性维护, 保护性修复, 保护性更新, 保护性管理, 保护性规划, 保护性设计, 保护性施工, 保护性管理, 保护性更新, 保护性维护, 保护性修复, 保护性更新, 保护性管理, 保护性规划, 保护性设计, 保护性施工, 保护性管理, 保护性更新, 保护性维护, 保护性修复, 保护性更新, 保护性管理, 保护性规划, 保护性设计, 保护性施工, 保护性管理, 保护性更新, 保护性维护, 保护性修复, 保护性更新, 保护性管理, 保护性规划, 保护性设计, 保护性施工, 保护性管理, 保护性更新, 保护性维护, 保护性修复, 保护性更新, 保护性管理, 保护性规划, 保护性设计, 保护性施工, 保护性管理, 保护性更新, ",政策内容,"['多地块平衡', ' 组合出让', ' 历史风貌保护项目', ' 多块土地', ' 平衡', ' 面积', ' 地块', ' 面积限制', ' 土地面积限制', ' 面积比例', ' 面积均衡', ' 区域', ' 历史文化保护', ' 历史风貌', ' 保护', ' 老旧区改造', ' 历史街区', ' 历史建筑', ' 历史文化遗产', ' 传统建筑', ' 保护性建设', ' 保护性规划', ' 保护性设计', ' 保护性施工', ' 保护性管理', ' 保护性使用', ' 保护性开发', ' 保护性更新', ' 保护性维护', ' 保护性修复', ' 保护性更新', ' 保护性管理', ' 保护性规划', ' 保护性设计', ' 保护性施工', ' 保护性管理', ' 保护性更新', ' 保护性维护', ' 保护性修复', ' 保护性更新', ' 保护性管理', ' 保护性规划', ' 保护性设计', ' 保护性施工', ' 保护性管理', ' 保护性更新', ' 保护性维护', ' 保护性修复', ' 保护性更新', ' 保护性管理', ' 保护性规划', ' 保护性设计', ' 保护性施工', ' 保护性管理', ' 保护性更新', ' 保护性维护', ' 保护性修复', ' 保护性更新', ' 保护性管理', ' 保护性规划', ' 保护性设计', ' 保护性施工', ' 保护性管理', ' 保护性更新', ' 保护性维护', ' 保护性修复', ' 保护性更新', ' 保护性管理', ' 保护性规划', ' 保护性设计', ' 保护性施工', ' 保护性管理', ' 保护性更新', ' 保护性维护', ' 保护性修复', ' 保护性更新', ' 保护性管理', ' 保护性规划', ' 保护性设计', ' 保护性施工', ' 保护性管理', ' 保护性更新', ' 保护性维护', ' 保护性修复', ' 保护性更新', ' 保护性管理', ' 保护性规划', ' 保护性设计', ' 保护性施工', ' 保护性管理', ' 保护性更新', ' 保护性维护', ' 保护性修复', ' 保护性更新', ' 保护性管理', ' 保护性规划', ' 保护性设计', ' 保护性施工', ' 保护性管理', ' 保护性更新', ' ']"
招标人和中标人在中标通知书发出后，应在多长时间内签订书面合同？,招标中标信息,政策内容,"['招标人', ' 中标人', ' 中标通知书', ' 合同', ' 书面合同']"
在未中标或未竞得前，投标、竞买外汇保证金的所有权归属如何？,日常问题,政策内容,"['未中标', '未竞得', '外汇保证金', '所有权归属']"
上海市的公共资源拍卖活动是否必须通过公共资源拍卖平台进行？,日常问题,政策内容,"['上海市', '公共资源拍卖活动', '公共资源拍卖平台']"
银监会在调查商业银行股东涉嫌违法事项时，是否有权查阅和复制相关财务会计文件？,政策内容,政策内容,"['银监会', ' 商业银行', ' 股东', ' 违法事项', ' 相关财务会计文件']"
招标人申请自行办理招标事宜时需要提交哪些书面材料？,"实体提取：招标人, 自行办理招标事宜, 招标事宜, 承诺书, 合同, 资质证明, 验收报告, 委托协议, 法律意见书, 公司注册证书, 施工许可证, 技术规范书, 开工令, 监理合同, 竣工验收单, 安全生产许可证, 质量保证书, 投标保证金, 招标公告, 中标通知书, 招标代理合同, 招标方案, 招标文件, 招标程序, 招标监督部门, 收款通知, 招标过程, 招标结果, 招标方, 投标方, 招标项目, 招标时间, 招标地点, 招标方式, 招标条件, 招标范围, 招标标准, 招标预算, 招标期限, 招标资格, 招标文件编制, 招标文件评审, 招标文件修改, 招标文件澄清, 招标文件答疑, 招标文件公示, 招标文件发布, 招标文件获取, 招标文件下载, 招标文件打印, 招标文件保存, 招标文件销毁, 招标文件归档, 招标文件检索, 招标文件查询, 招标文件查看, 招标文件阅读, 招标文件浏览, 招标文件下载失败, 招标文件无法打开, 招标文件损坏, 招标文件丢失, 招标文件未找到, 招标文件过期, 招标文件失效, 招标文件无效, 招标文件不可用, 招标文件不完整, 招标文件缺失, 招标文件错误, 招标文件更新, 招标文件删除, 招标文件复制, 招标文件粘贴, 招标文件移动, 招标文件删除失败, 招标文件移动失败, 招标文件上传失败, 招标",政策内容,"['招标人', ' 自行办理招标事宜', ' 招标事宜', ' 承诺书', ' 合同', ' 资质证明', ' 验收报告', ' 委托协议', ' 法律意见书', ' 公司注册证书', ' 施工许可证', ' 技术规范书', ' 开工令', ' 监理合同', ' 竣工验收单', ' 安全生产许可证', ' 质量保证书', ' 投标保证金', ' 招标公告', ' 中标通知书', ' 招标代理合同', ' 招标方案', ' 招标文件', ' 招标程序', ' 招标监督部门', ' 收款通知', ' 招标过程', ' 招标结果', ' 招标方', ' 投标方', ' 招标项目', ' 招标时间', ' 招标地点', ' 招标方式', ' 招标条件', ' 招标范围', ' 招标标准', ' 招标预算', ' 招标期限', ' 招标资格', ' 招标文件编制', ' 招标文件评审', ' 招标文件修改', ' 招标文件澄清', ' 招标文件答疑', ' 招标文件公示', ' 招标文件发布', ' 招标文件获取', ' 招标文件下载', ' 招标文件打印', ' 招标文件保存', ' 招标文件销毁', ' 招标文件归档', ' 招标文件检索', ' 招标文件查询', ' 招标文件查看', ' 招标文件阅读', ' 招标文件浏览', ' 招标文件下载失败', ' 招标文件无法打开', ' 招标文件损坏', ' 招标文件丢失', ' 招标文件未找到', ' 招标文件过期', ' 招标文件失效', ' 招标文件无效', ' 招标文件不可用', ' 招标文件不完整', ' 招标文件缺失', ' 招标文件错误', ' 招标文件更新', ' 招标文件删除', ' 招标文件复制', ' 招标文件粘贴', ' 招标文件移动', ' 招标文件删除失败', ' 招标文件移动失败', ' 招标文件上传失败', ' 招标']"
供销合作社在综合改革试点中应如何改造自我以更好地服务农民？,政策内容,政策内容,"['供销合作社', ' 综合改革试点', ' 农民']"
综合类会员在交易中是否可以向客户收取佣金？,日常问题,政策内容,"['综合类会员', ' 交易', ' 客户']"
在施工招标中，参加开标的投标人代表有哪些具体要求？,招标中标信息,政策内容,['开标，投标人，代表，具体要求']
采购人在哪些情况下会被责令限期改正并可能面临罚款？,政策内容,政策内容,"['采购人', ' 责令限期改正', ' 罚款']"
提交产权交易中止申请时，需要提供哪些材料？,"实体提取：产权交易中止申请, 材料, 提交, 需要, 提供, 哪些, 什么, 有哪些, 什么, 什么, 什么, 什么, 什么, 什么, 什么, 什么, 什么, 什么, 什么, 什么, 什么, 什么, 什么, 什么, 什么, 什么, 什么, 什么, 什么, 什么, 什么, 什么, 什么, 什么, 什么, 什么, 什么, 什么, 什么, 什么, 什么, 什么, 什么, 什么, 什么, 什么, 什么, 什么, 什么, 什么, 什么, 什么, 什么, 什么, 什么, 什么, 什么, 什么, 什么, 什么, 什么, 什么, 什么, 什么, 什么, 什么, 什么, 什么, 什么, 什么, 什么, 什么, 什么, 什么, 什么, 什么, 什么, 什么, 什么, 什么, 什么, 什么, 什么, 什么, 什么, 什么, 什么, 什么, 什么, 什么, 什么, 什么, 什么, 什么, 什么, 什么, 什么, 什么, 什么, 什么, 什么, 什么, 什么, 什么, 什么, 什么, 什么, 什么, 什么, 什么, 什么, 什么, 什么, 什么, 什么, 什么, 什么, 什么, 什么, 什么, 什么, 什么, 什么, 什么, 什么, 什么, 什么, 什么, 什么, 什么, 什么, 什么, 什么, 什么, 什么, 什么, 什么, 什么, 什么, 什么, 什么, 什么, 什么, 什么, 什么, 什么, 什么, 什么, 什么, 什么, 什么, 什么, 什么, 什么, 什么, 什么, 什么, 什么, 什么, 什么, 什么, 什么, 什么, 什么, 什么, 什么, 什么,",政策内容,"['产权交易中止申请', ' 材料', ' 提交', ' 需要', ' 提供', ' 哪些', ' 什么', ' 有哪些', ' 什么', ' 什么', ' 什么', ' 什么', ' 什么', ' 什么', ' 什么', ' 什么', ' 什么', ' 什么', ' 什么', ' 什么', ' 什么', ' 什么', ' 什么', ' 什么', ' 什么', ' 什么', ' 什么', ' 什么', ' 什么', ' 什么', ' 什么', ' 什么', ' 什么', ' 什么', ' 什么', ' 什么', ' 什么', ' 什么', ' 什么', ' 什么', ' 什么', ' 什么', ' 什么', ' 什么', ' 什么', ' 什么', ' 什么', ' 什么', ' 什么', ' 什么', ' 什么', ' 什么', ' 什么', ' 什么', ' 什么', ' 什么', ' 什么', ' 什么', ' 什么', ' 什么', ' 什么', ' 什么', ' 什么', ' 什么', ' 什么', ' 什么', ' 什么', ' 什么', ' 什么', ' 什么', ' 什么', ' 什么', ' 什么', ' 什么', ' 什么', ' 什么', ' 什么', ' 什么', ' 什么', ' 什么', ' 什么', ' 什么', ' 什么', ' 什么', ' 什么', ' 什么', ' 什么', ' 什么', ' 什么', ' 什么', ' 什么', ' 什么', ' 什么', ' 什么', ' 什么', ' 什么', ' 什么', ' 什么', ' 什么', ' 什么', ' 什么', ' 什么', ' 什么', ' 什么', ' 什么', ' 什么', ' 什么', ' 什么', ' 什么', ' 什么', ' 什么', ' 什么', ' 什么', ' 什么', ' 什么', ' 什么', ' 什么', ' 什么', ' 什么', ' 什么', ' 什么', ' 什么', ' 什么', ' 什么', ' 什么', ' 什么', ' 什么', ' 什么', ' 什么', ' 什么', ' 什么', ' 什么', ' 什么', ' 什么', ' 什么', ' 什么', ' 什么', ' 什么', ' 什么', ' 什么', ' 什么', ' 什么', ' 什么', ' 什么', ' 什么', ' 什么', ' 什么', ' 什么', ' 什么', ' 什么', ' 什么', ' 什么', ' 什么', ' 什么', ' 什么', ' 什么', ' 什么', ' 什么', ' 什么', ' 什么', ' 什么', ' 什么', ' 什么', ' 什么', ' 什么', ' 什么', ' 什么', '']"
单位违反配额管理规定，除了罚款外，还会受到哪些行政处理措施？,政策内容,政策内容,"['单位', ' 配额管理规定', ' 行政处理措施']"
民防工程部分的建设用地使用权基本价格如何确定？,商品数据,政策内容,"['民防工程', '建设用地使用权', '基本价格', '确定']"
地区铁路监督管理局如何开展铁路建设工程招标投标的监督检查工作？,日常问题,政策内容,"['地区铁路监督管理局', ' 铁路建设工程', ' 招标投标监督检查工作']"
招标文件中的技术规格是否必须符合国家技术法规？,政策文件信息,政策内容,"['招标文件', ' 技术规格', ' 国家技术法规']"
评估结果为不佳的发起方在市交易中心会被如何标注？,政策文件信息,政策内容,['发起方，市交易中心，不佳，标注']
房地产权属登记管理的具体要求和流程是怎样的？,政策内容,政策内容,"['房地产权属登记管理', ' 具体要求', ' 流程']"
如果采购任务因重大变故取消，采购人需要做哪些工作？,日常问题,政策内容,"['采购任务', ' 重大变故', ' 取消', ' 采购人', ' 需要', ' 做', ' 工作']"
国有企业经理层成员如何实现任期制和契约化管理？,政策内容,政策内容,"['国有企业', ' 经理层', ' 成员', ' 任期制', ' 契约化', ' 管理']"
评审专家在哪些情况下会被取消专家资格？,日常问题,政策内容,"['专家', ' 取消', ' 专家资格']"
招标文件的澄清和修改是否需要依法进行？,政策文件信息,政策内容,"['招标文件', '澄清', ' 修改', ' 法律法规']"
本市各级财政部门在政府采购创新产品政策执行中需要承担哪些职责？,政策内容,政策内容,"['市', ' 本市', ' 各级财政部门', ' 政府采购创新产品政策', ' 执行']"
增资人在发布增资公告时，需要承担哪些责任？,日常问题,政策内容,"['增资人', ' 发布增资公告', ' 责任']"
如果申请人未按规定交纳保证金，其申请会被视为无效吗？,政策内容,政策内容,"['申请人', ' 未按规定交纳保证金', ' 其申请', ' 被视为无效']"
采购人和采购代理机构在提供材料时需要承担哪些责任？,日常问题,政策内容,"['采购人', ' 采购代理机构', ' 材料', ' 责任']"
港口工程项目有尾留工程时，项目单位应如何处理？,日常问题,政策内容,"['港口工程项目', ' 尾留工程', ' 项目单位', ' 处理']"
房地产买卖合同中需要包含哪些主要内容？,商品数据,政策内容,"['房地产买卖合同', ' 主要内容']"
财政部门在处理投诉事项时，主要采用什么方式？在什么情况下会进行调查取证或组织质证？,日常问题,政策内容,"['财政部门', '投诉事项', '调查取证', '质证']"
在技术复杂、专业性强的采购项目中，如何选择合适的评审专家？,日常问题,政策内容,"['技术复杂', ' 专业性强', ' 采购项目', ' 评审专家']"
民航地区管理局收到招标方案备案材料后，多久内会给出审核结果？,政策文件信息,政策内容,"['民航地区管理局', '招标方案备案材料', '审核结果']"
上海市拍卖行业公共平台计划在哪些领域率先应用网络同步拍卖？,商品数据,政策内容,"['上海市', '拍卖行业', '公共平台', '计划', '率先应用', '网络同步拍卖']"
施工单位未向施工现场管理人员和作业人员进行方案交底和安全技术交底，会受到哪些处罚？,政策文件信息,政策内容,"['施工单位', ' 施工现场管理人员', ' 作业人员', ' 方案交底', ' 安全技术交底', ' 处罚']"
成套改造风貌保护更新项目是否可以新增用地？,政策文件信息,政策内容,"['项目', ' 新增用地']"
商业银行股东通过不正当手段获得5%以上股份的批准，会有什么后果？,政策文件信息,政策内容,['商业银行，股东，不正当手段，获得，5%，以上股份，批准，后果']
哪些法律法规对提高政府采购透明度提出了要求？,政策内容,政策内容,"['法律法规', ' 政府采购透明度', ' 要求']"
会员无法履约时，交易所可以采取哪些措施？,日常问题,政策内容,"['会员', ' 交易所', ' 可以采取', ' 措施']"
供应商提交登记申请后，多久能知道是否入库？,日常问题,政策内容,"['供应商', ' 申请', ' 入库', ' 能否知道', ' 是否入库']"
大型居住社区的安全质量监督申报手续如何办理？,日常问题,政策内容,"['大型居住社区', ' 安全质量监督申报手续', ' 办理']"
发起方的信用记分达到多少分会被评估为优秀？,日常问题,政策内容,"['[发起方', ' 信用记分', ' 分数', ' 优秀]']"
竣工验收现场核查组的成员人数和专家比例有何规定？,政策内容,政策内容,"['竣工验收', ' 竣工验收现场核查组', ' 成员人数', ' 专家比例', ' 规定']"
国家铁路局在铁路建设工程招标投标监督管理中的具体职责是什么？,政策内容,政策内容,"['国家铁路局', ' 铁路建设工程', ' 招标投标监督管理', ' 具体职责']"
公共资源拍卖平台如何加强对拍卖活动的规范引导？,政策内容,政策内容,['公共资源，拍卖平台，规范引导']
招标文件中哪些要求和条件属于实质性要求，必须以醒目的方式标明？,招标中标信息,政策内容,"['招标文件', ' 要求', ' 条件', ' 属于', ' 实质性要求', ' 必须', ' 醒目的方式', ' 标明', ' 日常问题']"
如果单位在第三方机构核查时提供虚假资料，会受到什么处罚？,日常问题,政策内容,"['单位', ' 第三方机构', ' 真实资料', ' 处罚']"
电子认证服务提供者如果不遵守认证业务规则会有什么后果？,日常问题,政策内容,"['电子认证服务提供者', ' 认证业务规则', ' 后果']"
在审查电子投标文件作为证据的真实性时，需要考虑哪些因素？,日常问题,政策内容,"['电子投标文件', '真实性', '因素', '审查', '证据', '真实性', '需要', '考虑', '因素']"
在房地产项目中，如果国家为了公共利益需要征收个人住宅，被征收人可以获得哪些补偿和保障？,政策内容,政策内容,"['国家', ' 征收', ' 被征收人', ' 补偿', ' 保障']"
保险公司筹备组在开立验资账户时需要遵循哪些规定？,政策内容,政策内容,"['筹备组', ' 开立验资账户', ' 规定']"
企业违反碳排放配额管理规定，除了罚款外，还可能面临哪些行政处理措施？,政策内容,政策内容,"['企业', ' 碳排放配额管理规定', ' 行政处理措施', ' 员工', ' 公司', ' 法律法规', ' 负责人', ' 国家', ' 配额']"
在土地使用权出让意向书中，公示期间如果有异议且经审查发现违反法律法规行为，会如何处理？,政策文件信息,政策内容,"['土地使用权出让意向书', '公示期间', '异议', '经审查发现', '违反法律法规行为', '处理']"
在招标拍卖挂牌出让公告中，出让人可以设置哪些限制条件？,政策内容,政策内容,"['招标拍卖挂牌出让公告', ' 出让人', ' 设置', ' 条件', ' 招标', ' 中标', ' 信息', ' 政策', ' 内容', ' 政策', ' 文件', ' 信息']"
拟聘评审专家需要接受哪些培训？,日常问题,政策内容,"['评审专家', ' 培训']"
财政部门在政府采购项目绩效评价方面有哪些职责？,政策内容,政策内容,"['财政部门', '政府采购项目', '绩效评价', '职责']"
本市公共资源交易平台管理办法的修订主要包括哪些内容？,政策文件信息,政策内容,"['本市公共资源交易平台', '管理办法', '修订', '主要内容']"
在仲裁过程中，如果当事人发现笔录中有遗漏或差错，应该如何处理？,日常问题,政策内容,['仲裁，当事人，笔录，遗漏，差错，处理']
事业单位在处置国有资产时，是否可以自行决定处置而不经过审批？,政策内容,政策内容,"['事业单位', ' 国有资产', ' 处置', ' 不经过审批']"
出租方在招租过程中需要设置保证金吗？如果需要，应明确哪些内容？,商品数据,政策内容,"['出租方', '招租过程', '设置保证金', '明确哪些内容']"
在政府采购项目中，补抽专家或重新组建评审委员会后，需要做哪些书面记录？,日常问题,政策内容,"['政府采购项目', '补抽专家', '重新组建评审委员会', '书面记录']"
意向投资人在参与增资项目时，需要进行哪些工作？,日常问题,政策内容,"['投资人', ' 增资项目', ' 工作']"
在进行上市公司股份直接协议转让时，转让方需要履行哪些内部决策程序？,政策内容,政策内容,"['上市公司股份直接协议转让', ' 转让方', ' 内部决策程序']"
政府在履行出资人职责时，应遵循哪些原则？,政策内容,政策内容,"['政府', '履行', '出资人', '职责', '应', '遵循', '原则']"
如何满足“采购三重四级杆气相色谱质谱联用仪”项目的申请人资格要求？,商品数据,招标中标信息,['采购三重四级杆气相色谱质谱联用仪']
“数字倒置荧光显微镜”项目的最高限价是多少？,商品数据,招标中标信息,"['数字倒置荧光显微镜', ' 最高限价', ' 数字', ' 倒置荧光显微镜', ' 显微镜', ' 荧光', ' 项目', ' 价格', ' 项目最高限价', ' 项目价格上限', ' 项目最高限价是多少', ' 项目价格上限是多少']"
“罗泾社区卫生服务中心X射线计算机体层摄影（CT）设备采购”项目的联系人是谁？,商品数据,招标中标信息,"['罗泾社区卫生服务中心', ' X射线计算机体层摄影(CT)设备采购', ' 罗泾社区卫生服务中心联系人']"
“皮秒激光仪”项目的采购人代理人联系方式是什么？,日常问题,招标中标信息,"['项目', '采购人', '代理人', '联系方式']"
“生物分子相互作用分析系统”项目的采购人地址在哪里？,招标中标信息,招标中标信息,['项目，地址']
“高级成像与表面形貌分析用多功能共聚焦显微镜”项目的最高限价是多少？,商品数据,招标中标信息,['高级成像与表面形貌分析用多功能共聚焦显微镜']
“沉积物粒度组成和年代测试”项目的采购人代理人名称是什么？,日常问题,招标中标信息,['代理人名称']
“浦东新区南汇新城镇社区卫生服务中心CT机”项目是否有特定的资格要求？,商品数据,招标中标信息,"['浦东新区', ' 南汇新城镇', ' 社区卫生服务中心', ' CT机', ' 项目', ' 特定的资格要求']"
“颗粒纳米生物检测仪”项目的预算金额是多少？,日常问题,招标中标信息,['颗粒纳米生物检测仪']
“高端便携式彩色多普勒超声诊断仪”项目的采购人代理人地址在哪里？,日常问题,招标中标信息,"['高端便携式彩色多普勒超声诊断仪', ' 项目', ' 采购人代理人', ' 地址']"
“细胞器精准提取分析系统”项目的联系人电话是什么？,日常问题,招标中标信息,"['项目名称', ' 联系人电话']"
“上海交通大学医学院动物手术实验室设备等采购项目”的预算金额是多少？,商品数据,招标中标信息,"['上海交通大学医学院', ' 上海交通大学医学院动物手术实验室', ' 动物手术实验室', ' 设备', ' 购买', ' 项目', ' 预算金额']"
“中国福利会国际和平妇幼保健院2024年医疗设备（四）”项目的包名称是什么？,日常问题,招标中标信息,"['中国福利会国际和平妇幼保健院', '2024年医疗设备（四）', '项目']"
“层析成像扫描仪配件升级”项目的采购人联系方式是什么？,商品数据,招标中标信息,['项目，采购，联系']
“徐汇区城运中心-区公安分局2024年度350兆PDT系统建设”项目的预算金额是多少？,招标中标信息,招标中标信息,"['徐汇区', '城运中心', '区公安分局', '2024年度', '350兆', 'PDT系统建设', '项目预算金额']"
“公卫中心开办设备第一批”项目的采购人代理人名称是什么？,商品数据,招标中标信息,"['公卫中心', ' 设备', ' 批发', ' 开办', ' 第一批']"
“高精度地图创新应用保障技术性支撑和地图成果技术审查”项目的联系人是谁？,日常问题,招标中标信息,"['联系人', ' 高精度地图', ' 创新应用', ' 保障技术性支撑', ' 地图成果', ' 技术审查', ' 项目']"
“触控一体机更新项目（二）”项目的采购人代理人地址在哪里？,日常问题,招标中标信息,['项目采购人代理人地址']
“上海健康医学院附属崇明医院医疗设备采购”项目的包名称是什么？,日常问题,招标中标信息,['上海健康医学院附属崇明医院医疗设备采购项目']
“2024年青浦区卫健委医疗设备采购项目三（2）”项目的预算金额是多少？,招标中标信息,招标中标信息,"['青浦区卫健委', ' 医疗设备采购项目三(2)']"
“设备-彩色超声诊断仪”项目的采购人代理人联系方式是什么？,商品数据,招标中标信息,"['设备-彩色超声诊断仪', ' 项目', ' 购买人', ' 代理', ' 联系方式']"
“上海交通大学医学院附属上海儿童医学中心 医疗设备项目”的联系人电话是什么？,商品数据,招标中标信息,"['上海交通大学医学院附属上海儿童医学中心', ' 医疗设备项目']"
“直线加速器（第二次）”项目的采购人地址在哪里？,招标中标信息,招标中标信息,['项目，直线加速器，第二次，采购人地址']
“嘉定卫生信息服务采购项目”的预算金额是多少？,商品数据,招标中标信息,"['嘉定', ' 卫生服务', ' 采购', ' 项目', ' 预算金额', ' 是多少']"
“上海市中医医院嘉定院区设备物资开办（超声引导激光消融治疗系统 ）”项目的采购人代理人名称是什么？,商品数据,招标中标信息,['上海市中医医院嘉定院区设备物资开办（超声引导激光消融治疗系统）']
“多功能全自动蛋白质表达定量分析系统”项目的采购人联系方式是什么？,日常问题,招标中标信息,"['多功能全自动蛋白质表达定量分析系统', ' 购买者', ' 联系方式']"
“流式细胞分析/分选仪”项目的预算金额是多少？,商品数据,招标中标信息,"['流式细胞分析/分选仪', ' 预算金额']"
“超声外科吸引系统”项目的采购人代理人地址在哪里？,招标中标信息,招标中标信息,['项目，采购人代理人，地址']
“一体式大平板C型臂”项目的联系人是谁？,日常问题,招标中标信息,"['一体式大平板', 'C型臂']"
“外科腹腔镜超声”项目的采购人代理人名称是什么？,商品数据,招标中标信息,['外科腹腔镜超声']
“3.0T核磁共振”项目的采购人联系方式是什么？,招标中标信息,招标中标信息,"['项目名称', '采购人联系方式']"
“月浦镇农村房地一体宅基地确权登记项目”的预算金额是多少？,商品数据,招标中标信息,"['月浦镇', '农村房地一体宅基地确权登记项目', '预算金额']"
“第七人民医院钬激光治疗机项目”的采购人代理人地址在哪里？,商品数据,招标中标信息,"['第七人民医院', ' 钬激光治疗机项目', ' 采购人代理人']"
“辐射抗扰度测试系统”项目的联系人电话是什么？,日常问题,招标中标信息,['联系人电话']
“特种光纤化学气相沉积材料生长系统”项目的采购人名称是什么？,日常问题,招标中标信息,"['项目名称', ' 特种光纤', ' 化学气相沉积材料', ' 生长系统', ' 采购人名称']"
“高档彩色多普勒超声诊断仪”项目的预算金额是多少？,日常问题,招标中标信息,"['高档彩色多普勒超声诊断仪', ' 预算金额']"
“朱家角人民医院医用超声波仪器及设备项目”的采购人代理人名称是什么？,招标中标信息,招标中标信息,"['朱家角人民医院', ' 医院', ' 人民医院', ' 医疗器械', ' 超声波仪器及设备', ' 采购', ' 采购人代理人', ' 名称', ' 项目', ' 项目名称', ' 项目编号', ' 项目编号', ' 项目地址', ' 地址']"
“振动样品磁强计装备”项目的采购人联系方式是什么？,商品数据,招标中标信息,['振动样品磁强计装备']
“上海市精神卫生中心流式细胞仪项目”的预算金额是多少？,商品数据,招标中标信息,"['上海市精神卫生中心', ' 流式细胞仪项目', ' 预算金额']"
“社保队员第三方购买服务项目”的采购人代理人地址在哪里？,商品数据,招标中标信息,"['社保队员', ' 第三方', ' 购买服务项目', ' 采购人代理人']"
“上海市养志康复医院（上海市阳光康复中心）虚拟现实康复训练系统”项目的联系人是谁？,日常问题,招标中标信息,"['上海市养志康复医院', ' 上海市阳光康复中心', ' 虚拟现实康复训练系统', ' 联系人']"
“上海市第一人民医院重症医学病房建设项目（五）”项目的采购人代理人名称是什么？,日常问题,招标中标信息,"['上海市第一人民医院', ' 重症医学病房建设项目(五)', ' 项目', ' 采购人代理人名称']"
“采购三重四级杆气相色谱质谱联用仪”项目的采购人代理人联系方式是什么？,商品数据,招标中标信息,"['采购人代理人', ' 联想天工科技有限公司', ' 联系方式']"
“数字倒置荧光显微镜”项目的采购人地址在哪里？,日常问题,招标中标信息,"['数字倒置荧光显微镜', ' 项目采购人地址']"
“手术显微镜（含自筹）”项目的联系人电话是什么？,商品数据,招标中标信息,['手术显微镜（含自筹）、项目、联系人电话']
“上海市老年医学中心开办项目-痕量分子靶标检测系统、流式细胞仪”项目的预算金额是多少？,商品数据,招标中标信息,"['上海市老年医学中心开办项目', '痕量分子靶标检测系统、流式细胞仪', '预算金额']"
“罗泾社区卫生服务中心X射线计算机体层摄影（CT）设备采购”项目的采购人代理人名称是什么？,招标中标信息,招标中标信息,"['罗泾社区卫生服务中心', ' CT设备采购']"
“皮秒激光仪”项目的采购人联系方式是什么？,商品数据,招标中标信息,"['皮秒激光仪', '采购人', '联系方式']"
“生物分子相互作用分析系统”项目的预算金额是多少？,商品数据,招标中标信息,"[""['项目'"", "" '生物分子相互作用分析系统']""]"
“高级成像与表面形貌分析用多功能共聚焦显微镜”项目的采购人代理人地址在哪里？,招标中标信息,招标中标信息,"['项目名称', ' 共聚焦显微镜', ' 购买方代理人', ' 地址']"
“沉积物粒度组成和年代测试”项目的联系人是谁？,日常问题,招标中标信息,"['项目名称', ' 粒度组成', ' 年代测试', ' 联系人']"
“浦东新区南汇新城镇社区卫生服务中心CT机”项目的采购人代理人名称是什么？,招标中标信息,招标中标信息,"['浦东新区南汇新城镇社区卫生服务中心', ' CT机', ' 浦东新区', ' 南汇新城镇社区卫生服务中心', ' 海口市人民医院', ' 青岛大学附属医院', ' 上海市第十人民医院', ' 医院', ' 项目', ' 购买', ' 采购人代理人', ' 采购代理机构', ' 供应商', ' 区域', ' 地址']"
“颗粒纳米生物检测仪”项目的采购人联系方式是什么？,商品数据,招标中标信息,"['颗粒纳米生物检测仪', ' 项目采购', ' 联系方式']"
“高端便携式彩色多普勒超声诊断仪”项目的预算金额是多少？,商品数据,招标中标信息,['高端，便携式，彩色多普勒超声诊断仪，项目，预算金额']
“细胞器精准提取分析系统”项目的采购人代理人地址在哪里？,日常问题,招标中标信息,"['项目名称', ' 采购人代理人']"
“上海交通大学医学院动物手术实验室设备等采购项目”项目的联系人电话是什么？,商品数据,招标中标信息,"['上海交通大学医学院', ' 医学院', ' 动物手术实验室', ' 设备等采购项目', ' 上海交通大学', ' 上海交通大学医学院动物手术实验室']"
“中国福利会国际和平妇幼保健院2024年医疗设备（四）”项目的采购人名称是什么？,日常问题,招标中标信息,['中国福利会国际和平妇幼保健院2024年医疗设备（四）']
“层析成像扫描仪配件升级”项目的预算金额是多少？,日常问题,招标中标信息,"['层析成像扫描仪配件升级', ' 预算金额']"
“徐汇区城运中心-区公安分局2024年度350兆PDT系统建设”项目的采购人代理人名称是什么？,招标中标信息,招标中标信息,"['徐汇区城运中心', ' 区公安分局', ' 2024年度350兆PDT系统建设', ' 项目', ' 采购人代理人']"
“公卫中心开办设备第一批”项目的采购人联系方式是什么？,招标中标信息,招标中标信息,"['公卫中心', ' 开办设备', ' 第一批项目', ' 采购']"
“高精度地图创新应用保障技术性支撑和地图成果技术审查”项目的预算金额是多少？,招标中标信息,招标中标信息,"['项目名称', ' 预算金额']"
“触控一体机更新项目（二）”项目的采购人代理人地址在哪里？,日常问题,招标中标信息,['项目，采购人代理人地址']
“上海健康医学院附属崇明医院医疗设备采购”项目的联系人是谁？,招标中标信息,招标中标信息,"['上海健康医学院', '崇明医院', '医疗设备采购', '联系人']"
“2024年青浦区卫健委医疗设备采购项目三（2）”项目的采购人代理人名称是什么？,招标中标信息,招标中标信息,"['青浦区卫健委', ' 医疗设备采购项目', ' 2024年', ' 项目三(2)']"
“设备-彩色超声诊断仪”项目的采购人联系方式是什么？,日常问题,招标中标信息,"['设备-彩色超声诊断仪', ' 项目名称', ' 采购人联系方式']"
“上海交通大学医学院附属上海儿童医学中心 医疗设备项目”项目的预算金额是多少？,商品数据,招标中标信息,"['上海交通大学医学院附属上海儿童医学中心', ' 医疗设备项目', ' 预算金额']"
“直线加速器（第二次）”项目的采购人代理人地址在哪里？,日常问题,招标中标信息,"['项目名称', ' 代理人的地址', ' 直线加速器(第二次)']"
“嘉定卫生信息服务采购项目”项目的联系人电话是什么？,日常问题,招标中标信息,"['嘉定卫生信息服务采购项目', ' 联系人', ' 电话']"
“上海市中医医院嘉定院区设备物资开办（超声引导激光消融治疗系统 ）”项目的采购人名称是什么？,商品数据,招标中标信息,"['上海市中医医院嘉定院区', ' 超声引导激光消融治疗系统', ' 系统']"
“多功能全自动蛋白质表达定量分析系统”项目的预算金额是多少？,商品数据,招标中标信息,"['多功能全自动蛋白质表达定量分析系统', ' 项目', ' 预算金额']"
“流式细胞分析/分选仪”项目的采购人代理人名称是什么？,日常问题,招标中标信息,['流式细胞分析/分选仪项目采购人代理人名称']
“超声外科吸引系统”项目的采购人联系方式是什么？,日常问题,招标中标信息,"['超声外科吸引系统', ' 购买者联系方式']"
“一体式大平板C型臂”项目的预算金额是多少？,商品数据,招标中标信息,"['一体式大平板', 'C型臂']"
“外科腹腔镜超声”项目的采购人代理人地址在哪里？,日常问题,招标中标信息,['外科腹腔镜超声']
“3.0T核磁共振”项目的联系人是谁？,商品数据,招标中标信息,['核磁共振']
“月浦镇农村房地一体宅基地确权登记项目”项目的采购人代理人名称是什么？,日常问题,招标中标信息,"['月浦镇', '农村房地一体宅基地确权登记项目', '采购人代理人名称']"
“第七人民医院钬激光治疗机项目”的采购人联系方式是什么？,商品数据,招标中标信息,"['第七人民医院', ' 钬激光治疗机项目', ' 联系方式']"
“辐射抗扰度测试系统”项目的预算金额是多少？,日常问题,招标中标信息,"['辐射抗扰度测试系统', ' 预算金额', ' 是']"
“特种光纤化学气相沉积材料生长系统”项目的采购人代理人地址在哪里？,日常问题,招标中标信息,"['特种光纤', ' 化学气相沉积材料', ' 生长系统', ' 项目', ' 采购人', ' 代理人的地址']"
“高档彩色多普勒超声诊断仪”项目的联系人电话是什么？,日常问题,招标中标信息,"['高档彩色多普勒超声诊断仪', ' 联系人', ' 电话']"
“朱家角人民医院医用超声波仪器及设备项目”项目的采购,招标中标信息,招标中标信息,"['朱家角人民医院', ' 医院名称', ' 人民医院', ' 医疗用品', ' 超声波仪器及设备', ' 项目', ' 项目']"
你好！,日常问题,日常问题,['[你好]']
你好，今天天气怎么样？,日常问题,日常问题,['天气']
早上好！,日常问题,日常问题,['[早上好]']
你能告诉我现在的时间吗？,日常问题,日常问题,['时间']
周末有什么计划吗？,日常问题,日常问题,['周末，计划，什么，吗？']
你能推荐几本好书吗？,日常问题,日常问题,['书籍']
今天的工作忙不忙？,日常问题,日常问题,['工作']
你了解最新的科技趋势吗？,日常问题,日常问题,['最新，科技，趋势，了解，吗']
你能教我几句常用的外语表达吗？,日常问题,日常问题,['外语表达']
你最喜欢的电影是什么？,日常问题,日常问题,['电影']
你能帮我查一下明天的天气预报吗？,日常问题,日常问题,"['明天', ' 天气', ' 预报']"
你能告诉我一些健康饮食的建议吗？,日常问题,日常问题,['健康饮食']
你了解当前的股市行情吗？,日常问题,日常问题,['股市行情']
你能帮我找一首轻松的音乐吗？,日常问题,日常问题,['轻松的音乐']
你有什么兴趣爱好？,日常问题,日常问题,['兴趣爱好']
你能推荐一些旅行的好去处吗？,日常问题,日常问题,['旅行，好去处']
你能教我如何缓解压力吗？,日常问题,日常问题,['压力']
你能帮我查一下最近的新闻头条吗？,日常问题,日常问题,"['最近', ' 新闻', ' 头条']"
你能告诉我一些关于月亮的有趣事实吗？,日常问题,日常问题,['月亮']
你了解人工智能的最新发展吗？,日常问题,日常问题,['人工智能']
你能帮我找一些学习资源吗？,日常问题,日常问题,['学习资源']
你能推荐一些提高工作效率的方法吗？,日常问题,日常问题,['提高工作效率的方法']
你能帮我查一下航班信息吗？,日常问题,日常问题,['航班']
你能告诉我一些关于宇宙的有趣知识吗？,日常问题,日常问题,"['宇宙', ' 有趣知识']"
你了解不同的文化习俗吗？,日常问题,日常问题,['不同，文化，习俗，你，了解，不同的，文化，习俗吗？']
你能帮我找一些放松的瑜伽视频吗？,日常问题,日常问题,['瑜伽视频']
你能推荐一些周末的活动吗？,日常问题,日常问题,"['周末', '活动']"
你能告诉我一些关于环保的小知识吗？,日常问题,日常问题,['环保']
你了解最新的医疗健康资讯吗？,日常问题,日常问题,['最新医疗健康资讯']
你能帮我找一些提高睡眠质量的方法吗？,日常问题,日常问题,['提高睡眠质量']
你能推荐一些有趣的播客节目吗？,日常问题,日常问题,['播客节目']
你能告诉我一些关于历史的有趣故事吗？,日常问题,日常问题,['历史']
你了解不同的星座性格吗？,日常问题,日常问题,['星座']
你能帮我找一些学习编程的资源吗？,日常问题,日常问题,"['学习编程', ' 资源']"
你能推荐一些提高记忆力的技巧吗？,日常问题,日常问题,"['提高记忆力', ' 技巧']"
你能告诉我一些关于植物养护的知识吗？,日常问题,日常问题,['植物养护']
你了解不同的艺术风格吗？,日常问题,日常问题,['不同，艺术，风格']
你能帮我找一些家庭健身的指导吗？,日常问题,日常问题,"['家庭健身', ' 指导']"
你能推荐一些提高专注力的方法吗？,日常问题,日常问题,['提高专注力的方法']
你能告诉我一些关于动物的有趣事实吗？,日常问题,日常问题,"['动物', '有趣事实']"
你了解不同的烹饪技巧吗？,日常问题,日常问题,['不同烹饪技巧']
你能帮我找一些学习语言的应用程序吗？,日常问题,日常问题,['应用程序']
你能推荐一些提高自信心的技巧吗？,日常问题,日常问题,"['提高自信心', ' 提高自信心的技巧']"
你能告诉我一些关于心理学的知识吗？,日常问题,日常问题,['心理学']
你了解不同的建筑风格吗？,日常问题,日常问题,"['不同', ' 建筑风格']"
你能帮我找一些提高创造力的方法吗？,日常问题,日常问题,"['方法', ' 提高创造力', ' 创造力', ' 能帮助']"
你能推荐一些提高阅读速度的技巧吗？,日常问题,日常问题,['提高阅读速度的技巧']
你能告诉我一些关于海洋生物的有趣事实吗？,日常问题,日常问题,"['海洋生物', ' 有趣的事实']"
你了解不同的音乐流派吗？,日常问题,日常问题,['不同音乐流派']
你能帮我找一些提高工作效率的软件吗？,日常问题,日常问题,"['提高工作效率', ' 软件']"
你能推荐一些提高时间管理能力的方法吗？,日常问题,日常问题,['提高时间管理能力']
你能告诉我一些关于天文学的有趣知识吗？,日常问题,日常问题,"['天文', ' 天文学']"
你了解不同的棋类游戏吗？,日常问题,日常问题,['不同，棋类，游戏']
你能帮我找一些提高公共演讲技巧的资源吗？,日常问题,日常问题,"['公共演讲技巧', ' 资源', ' 提高', ' 公共演讲']"
你能推荐一些提高写作技巧的方法吗？,日常问题,日常问题,"['提高写作技巧', ' 方法']"
你能告诉我一些关于古文明的有趣事实吗？,日常问题,日常问题,['古文明']
你了解不同的舞蹈风格吗？,日常问题,日常问题,['舞蹈风格']
你能帮我找一些提高绘画技巧的教程吗？,商品数据,日常问题,['教程']
你能推荐一些提高逻辑思维的方法吗？,日常问题,日常问题,['提高逻辑思维的方法']
你能告诉我一些关于昆虫的有趣知识吗？,日常问题,日常问题,"['昆虫', ' 知识']"
你了解不同的园艺技巧吗？,日常问题,日常问题,['不同的园艺技巧']
你能帮我找一些提高学习效率的方法吗？,日常问题,日常问题,['提高学习效率的方法']
你能推荐一些提高团队协作能力的方法吗？,日常问题,日常问题,"['提高团队协作能力', ' 方法']"
你能告诉我一些关于鸟类的有趣事实吗？,日常问题,日常问题,['鸟类']
你了解不同的手工艺吗？,日常问题,日常问题,"['不同', ' 手工艺']"
你能帮我找一些提高决策能力的方法吗？,咨询建议,日常问题,"['提高决策能力', ' 方法', ' 提高', ' 能力']"
你能推荐一些提高领导力的技巧吗？,日常问题,日常问题,"['领导力', ' 提高', ' 技巧']"
你能告诉我一些关于地质学的有趣知识吗？,日常问题,日常问题,['地质学']
你了解不同的茶文化吗？,日常问题,日常问题,['不同茶文化']
你能帮我找一些提高情绪管理能力的方法吗？,日常问题,日常问题,"['提高情绪管理能力', ' 方法']"
你能推荐一些提高人际交往能力的方法吗？,日常问题,日常问题,['提高人际交往能力的方法']
你能告诉我一些关于物理学的有趣事实吗？,日常问题,日常问题,"['物理学', ' 有趣', ' 真实']"
你了解不同的咖啡种类吗？,日常问题,日常问题,['不同咖啡种类']
你能帮我找一些提高财务管理能力的方法吗？,日常问题,日常问题,['提高财务管理能力']
你能推荐一些提高自我激励的方法吗？,日常问题,日常问题,['提高自我激励的方法']
你能告诉我一些关于化学的有趣实验吗？,日常问题,日常问题,"['化学', ' 实验']"
你了解不同的酒文化吗？,日常问题,日常问题,['不同酒文化']
你能帮我找一些提高批判性思维的方法吗？,日常问题,日常问题,"['提高批判性思维', ' 方法']"
你能推荐一些提高适应能力的方法吗？,日常问题,日常问题,"['提高适应能力', ' 方法', ' 提高']"
你能告诉我一些关于生物学的有趣知识吗？,日常问题,日常问题,"['生物学', ' 有趣知识']"
你了解不同的摄影技巧吗？,日常问题,日常问题,['不同摄影技巧']
你能帮我找一些提高组织能力的方法吗？,日常问题,日常问题,"['提高组织能力', ' 方法', ' 组织能力']"
你能推荐一些提高解决问题能力的方法吗？,日常问题,日常问题,['提高解决问题能力的方法']
你能告诉我一些关于哲学的有趣思想吗？,日常问题,日常问题,"['哲学', ' 思想']"
你了解不同的时尚趋势吗？,日常问题,日常问题,['不同时尚趋势']
你能帮我找一些提高创新能力的方法吗？,日常问题,日常问题,"['创新能力', ' 提高创新能力']"
你能推荐一些提高说服力的技巧吗？,日常问题,日常问题,['提高说服力的技巧']
你能告诉我一些关于数学的有趣问题吗？,日常问题,日常问题,"['数学', ' 有趣']"
你了解不同的电影流派吗？,日常问题,日常问题,['电影流派']
你能帮我找一些提高自我意识的方法吗？,日常问题,日常问题,"['提高自我意识', ' 方法']"
你能推荐一些提高自我反省能力的方法吗？,日常问题,日常问题,['提高自我反省能力的方法']
你能告诉我一些关于政治学的有趣事实吗？,日常问题,日常问题,['政治学']
你了解不同的体育项目吗？,日常问题,日常问题,['不同体育项目']
你能帮我找一些提高身体协调性的方法吗？,日常问题,日常问题,"['提高身体协调性', ' 方法', ' 提高身体协调性的方法', ' 一些']"
你能推荐一些提高反应速度的技巧吗？,日常问题,日常问题,['提高反应速度']
你能告诉我一些关于人类学的有趣知识吗？,日常问题,日常问题,['人类学']
你了解不同的旅行目的地吗？,日常问题,日常问题,['不同，旅行目的地']
你能帮我找一些提高语言能力的方法吗？,日常问题,日常问题,['提高语言能力']
你能推荐一些提高听力理解能力的方法吗？,日常问题,日常问题,['提高听力理解能力的方法']
你能告诉我一些关于社会学的有趣事实吗？,日常问题,日常问题,"['社会学', ' 有趣事实']"
你了解不同的节日庆典吗？,日常问题,日常问题,['节日庆典']
无轨迹等张肌力测试康复训练系统的品牌有哪些？,商品数据,商品数据,"['品牌', ' 肌力测试康复训练系统']"
无轨迹等张肌力测试康复训练系统的产品价格范围是多少？,商品数据,商品数据,['产品价格范围']
无轨迹等张肌力测试康复训练系统的供应商城市有哪些？,商品数据,商品数据,"['供应商', '城市']"
