Question,True_Title,Recalling,Recall_Weight
采购人在收到供应商的质疑函后，应在多长时间内作出答复？,政府采购质疑和投诉办法,1,1
哪些工程项目必须进行公开招标？,房屋建筑和市政基础设施工程施工招标投标管理办法,1,2
未列入预算的政府购买服务项目能否实施？,政府购买服务管理办法,1,1
采购人或者采购代理机构可以要求供应商以什么形式交纳保证金？,政府采购非招标采购方式管理办法,1,1
交易所需要履行哪些职责来确保碳排放交易的顺利进行？,上海市碳排放管理试行办法,1,8
增资人可以委托哪些机构提供增资活动的相关服务？这些机构需要出具什么报告？,【产权交易】企业增资业务规则（试行）,1,1
供应商申请入库时，财政部门是否可以收取费用？,财政部关于印发《政府采购竞争性磋商采购方式管理暂行办法》的通知,0,
如果投标截止后，只有两家供应商提交了投标文件，是否可以进行开标？,政府采购货物和服务招标投标管理办法,1,3
在什么情况下，采购人需要获得财政部门核准后才能采购进口产品？,财政部关于印发《政府采购进口产品管理办法》的通知,1,1
若发现有人非法干预政府采购评审过程，应如何处理？,政府采购非招标采购方式管理办法,1,1
如果对单一来源采购方式的公示有异议，应该如何处理？,政府采购非招标采购方式管理办法,1,1
中标通知书发出后，采购人应在多长时间内与中标人签订合同？,政府采购货物和服务招标投标管理办法,1,1
如果在投标有效期内撤销投标文件，投标保证金会被退还吗？,政府采购货物和服务招标投标管理办法,1,2
供应商委托代理人进行质疑和投诉时，授权委托书需要包含哪些内容？,政府采购质疑和投诉办法,1,1
评标过程中，采购人应如何确保评标的保密性？,政府采购货物和服务招标投标管理办法,1,1
如果谈判文件无法详细列明技术和服务要求，谈判结束后如何确定提交最后报价的供应商？,政府采购非招标采购方式管理办法,1,1
采购人及采购代理机构获取的信用信息可以用于哪些范围？,财政部关于在政府采购活动中查询及使用信用记录有关问题的通知,1,1
什么是国家核证自愿减排量，其认定标准是什么？,上海市碳排放管理试行办法,1,1
财政部门在制定资产配置标准时，需要考虑哪些因素？,财政部关于进一步规范和加强行政事业单位国有资产管理的指导意见,1,3
哪些企业被认定为国有及国有控股企业或国有实际控制企业？,企业国有资产交易监督管理办法,1,2
评标专家库中的专家是否需要接受年度考核？,评标专家和评标专家库管理暂行办法,1,3
投诉人针对废标行为的投诉如果成立，财政部门会如何处理？,政府采购质疑和投诉办法,1,1
未成交供应商的保证金应在何时退还？,政府采购非招标采购方式管理办法,1,2
电子招标投标平台是否可以限制某些市场主体获取招标信息？,电子招标投标办法,1,2
招标人泄露潜在投标人信息或标底，会面临哪些法律责任？,工程建设项目施工招标投标办法,1,2
产权交易凭证上需要包含哪些具体信息？,【产权交易】上海联合产权交易所有限公司企业国有产权转让出具交易凭证操作细则（沪联产交〔2018〕45号）,1,1
如果发现投标人有恶意串通行为，评标委员会应如何处理？,政府采购货物和服务招标投标管理办法,1,4
采购人向财政部门申请采购进口产品时，需要提交哪些材料？,财政部关于印发《政府采购进口产品管理办法》的通知,1,1
如何通过资产管理与预算管理相结合来提高资产使用效率？,财政部关于进一步规范和加强行政事业单位国有资产管理的指导意见,1,1
行政事业单位所属企业的国有资本应如何管理？,财政部关于进一步规范和加强行政事业单位国有资产管理的指导意见,1,1
申请单位收到交易所通知后，需要在多长时间内完成相关手续？,【碳排放权】上海环境能源交易所碳排放交易会员管理办法（试行）,1,1
在什么情况下，工程项目可以不进行施工招标？,房屋建筑和市政基础设施工程施工招标投标管理办法,1,1
交易中心在公开服务、交易等信息时，有哪些信息是不可以公开的？,上海市公共资源交易管理办法,0,
新建房屋的地下停车库是否可以单独转让？,上海市房地产转让办法,1,2
国有独资企业、国有独资公司企业负责人的薪酬和奖惩如何确定？,企业国有资产监督管理暂行条例,1,1
增资人在增资信息公告期满后，需要在多长时间内提交意向投资人的资格确认意见？,【产权交易】企业增资业务规则（试行）,1,1
供应商、采购代理机构和评审专家的违法失信行为记录公告需要包含哪些信息？,财政部关于做好政府采购信息公开工作的通知,1,1
如果鉴定结论与委托拍卖合同不符，拍卖人可以采取什么措施？,中华人民共和国拍卖法,1,2
在最低评标价法中，若多家投标人提供相同品牌产品且报价相同，如何确定参加评标的投标人？,政府采购货物和服务招标投标管理办法,1,2
金融企业国有资产转让的主要目的是什么？,金融企业国有资产转让管理办法,1,1
采购国家限制进口的重大科学仪器和装备时，需要哪些部门的批准？,财政部关于印发《政府采购进口产品管理办法》的通知,1,1
买受人不按时支付拍卖价款会有什么法律责任？,上海市商务委员会等七部门关于印发《上海市公共资源拍卖管理办法》的通知,0,
磋商保证金的交纳形式和金额有何具体规定？,财政部关于印发《政府采购竞争性磋商采购方式管理暂行办法》的通知,1,1
运营机构在区域性股权市场风险管理方面需要承担哪些职责？,区域性股权市场监督管理试行办法,1,1
哪些特殊情况下可以不进行施工招标？,房屋建筑和市政基础设施工程施工招标投标管理办法,1,1
政府采购合同签订后，多久内需要公告？,财政部关于做好政府采购信息公开工作的通知,1,1
如果投标报价超过了招标文件规定的最高限价，投标会被判定为无效吗？,政府采购货物和服务招标投标管理办法,1,2
本市公共资源交易是如何实现规范和透明的？,上海市公共资源交易管理办法,1,1
市发展改革部门如何管理碳排放核查的第三方机构？,上海市碳排放管理试行办法,1,1
《增资专项报告》中需要详细说明哪些尽职调查的具体内容？,【产权交易】企业增资业务受托机构工作指引（试行）,1,1
交易所需要公开哪些碳排放交易信息？,上海市碳排放管理试行办法,1,5
谈判过程中，谈判小组能否对采购需求中的技术、服务要求及合同草案条款进行实质性变动？,政府采购非招标采购方式管理办法,1,1
在编制资产配置预算时，如何确保标准的科学性和合理性？,财政部关于进一步规范和加强行政事业单位国有资产管理的指导意见,1,2
国有企业在进行增资时，是否所有增资行为都属于企业国有资产交易？,企业国有资产交易监督管理办法,1,1
招标人确定中标人后，应如何通知中标人和未中标人？,电子招标投标办法,0,
采购货物时，除了竞争性谈判和单一来源采购，还可以采用哪种非招标采购方式？,政府采购非招标采购方式管理办法,1,1
公共资源拍卖平台必须具备哪些功能和设施？,上海市商务委员会等七部门关于印发《上海市公共资源拍卖管理办法》的通知,1,3
政府采购合同中哪些信息不能作为商业秘密？,财政部关于做好政府采购信息公开工作的通知,1,2
非纸质形式的工作底稿应如何保存？,【产权交易】企业增资业务受托机构工作指引（试行）,1,1
划拨国有土地上房地产转让时，受让人需要办理哪些手续？,上海市房地产转让办法,1,1
产权转让项目首次信息披露的转让底价有何要求？,企业国有资产交易监督管理办法,1,2
投标人在中标后可以将项目的非主体工作分包给其他单位吗？,政府采购货物和服务招标投标管理办法,0,
交易主体委托代理机构办理交易时，委托代理协议应该如何签订或上传？,上海市公共资源交易管理办法,0,
投标文件在截止时间后送达会怎样处理？,房屋建筑和市政基础设施工程施工招标投标管理办法,1,1
如果货物或服务采购项目达到公开招标数额标准，但想采用非招标采购方式，需要经过哪些审批程序？,政府采购非招标采购方式管理办法,1,1
如果委托人和拍卖人未约定佣金比例，拍卖成交后佣金如何收取？,中华人民共和国拍卖法,1,1
委托人是否可以参与竞买或委托他人代为竞买？,中华人民共和国拍卖法,1,4
上海市交易中心在收到隔夜评标申请后需要做哪些准备工作？,【综合采购】上海市公共资源交易中心隔夜评标操作指引,1,1
资格预审结束后，招标人应该如何通知合格的和不合格的潜在投标人？,工程建设项目施工招标投标办法,1,1
供应商在政府采购活动中享有哪些基本权利？,上海市财政局关于印发《上海市政府采购供应商登记及诚信管理办法》的通知(2017),1,1
一个项目的施工单项合同估算价为350万元人民币，是否需要招标？,必须招标的工程项目规定,1,1
在什么条件下，采购人可以与政务信息系统运行维护供应商签订不超过三年的合同？,财政部关于印发《政务信息系统政府采购管理暂行办法》的通知,1,1
行政单位在利用国有资产进行对外担保或投资方面有哪些限制？,财政部关于进一步规范和加强行政事业单位国有资产管理的指导意见,1,1
投标人在澄清或说明时，能否超出投标文件的范围或改变其实质性内容？,房屋建筑和市政基础设施工程施工招标投标管理办法,1,3
国有资产监督管理机构在所出资企业收入分配制度改革中扮演什么角色？,企业国有资产监督管理暂行条例,1,1
询价采购中，技术和服务要求不明确会有什么后果？,政府采购非招标采购方式管理办法,1,1
磋商文件的售价应如何确定？,财政部关于印发《政府采购竞争性磋商采购方式管理暂行办法》的通知,1,1
机构投资者如何申请参与碳排放配额交易？,【碳排放权】上海环境能源交易所碳排放交易机构投资者适当性制度实施办法（试行）,1,2
上海市公共资源交易中心中介机构信用记分低于70分时，评估结果和标注颜色是什么？,【综合采购】上海市公共资源交易中心中介机构和中介机构从业人员信用记分评估标准（试行）,1,1
对于参加政府采购活动的供应商、采购代理机构、评审专家的不良行为，相关部门应该如何处理？,财政部关于在政府采购活动中查询及使用信用记录有关问题的通知,0,
产权转让协议中，转让方如何收取转让价款？,金融企业国有资产转让管理办法,1,2
未缴清全部土地出让价款能否领取国有建设用地使用权证书？,招标拍卖挂牌出让国有建设用地使用权规定,1,1
在行政事业单位资产管理中，财政部门和主管部门应如何加强监管？,财政部关于进一步规范和加强行政事业单位国有资产管理的指导意见,1,1
如何评估一家公司的独立性？,【产权交易】企业增资业务受托机构工作指引（试行）,1,2
在尽职调查过程中，受托机构应如何记录和保存工作底稿？,【产权交易】企业增资业务受托机构工作指引（试行）,1,1
政务信息系统政府采购工作的具体实施由哪个部门负责？,财政部关于印发《政务信息系统政府采购管理暂行办法》的通知,1,1
中标人将中标项目转让给他人是否合法？会受到什么处罚？,工程建设项目施工招标投标办法,1,8
通过受托机构提交终结申请时，受托机构需要履行什么职责？,【产权交易】上海联合产权交易所有限公司交易中止和终结操作细则（沪联产交〔2018〕50号）,1,1
国有及国有控股企业在招投标过程中，需要建立哪些内部监督和风险控制制度？,企业国有资产监督管理暂行条例,0,
上海市公共资源拍卖中心的运作模式是怎样的？,上海市拍卖行业协会关于成立上海市公共资源拍卖中心的请示报告,1,2
如果投标文件解密失败，招标人是否有义务提供补救方案？,电子招标投标办法,1,1
受托机构在管理招投标工作底稿时需要建立哪些制度？,【产权交易】企业增资业务受托机构工作指引（试行）,1,1
工程施工招标有哪些主要类型？,工程建设项目施工招标投标办法,1,2
政府采购活动中，供应商的合法权益受到侵害时，可以通过哪些途径进行维权？,政府采购质疑和投诉办法,1,1
电子招标投标交易平台需要具备哪些主要功能？,电子招标投标办法,1,1
如果采购人对资格预审文件进行了修改，距离截止时间只有2天了，需要怎么处理？,政府采购货物和服务招标投标管理办法,1,1
如果竞买人的最高应价未达到底价，拍卖会该如何处理？,招标拍卖挂牌出让国有建设用地使用权规定,1,2
电子招标投标活动具体包括哪些内容？,电子招标投标办法,1,1
评标委员会成员收受投标人的财物，会受到哪些处罚？,工程建设项目施工招标投标办法,1,5
评标委员会的组成人员有哪些要求？,房屋建筑和市政基础设施工程施工招标投标管理办法,0,
在政府采购中，如何实现分工制衡与提升效能的并重？,财政部关于加强政府采购活动内部控制管理的指导意见,1,1
交易平台在智慧监管方面需要采取哪些具体措施来确保交易活动的合法性？,上海市公共资源交易管理办法,1,2
水运工程项目设计招标有哪些方式？,水运工程建设项目招标投标管理办法,1,1
国有建设用地使用权的招标、拍卖或挂牌出让活动是否需要提前规划？,招标拍卖挂牌出让国有建设用地使用权规定,1,1
招标代理机构在哪些情况下会被暂停或取消招标代理资格？,评标专家和评标专家库管理暂行办法,0,
碳排放具体包括哪些类型的排放？,上海市碳排放管理试行办法,1,1
提交银行汇票作为投标保证金需要哪些材料？,投标保证金提交与退还操作须知,1,1
市交易中心在确定交易服务收费标准时遵循什么原则？,上海市公共资源交易管理办法,1,1
招标人规避必须进行的施工招标，会受到怎样的法律处罚？,工程建设项目施工招标投标办法,1,3
企业国有资产的具体定义是什么？,企业国有资产监督管理暂行条例,1,2
评审小组成员在评审过程中获悉的商业秘密是否可以对外透露？,政府采购非招标采购方式管理办法,0,
拍卖行业的监督管理由哪个部门负责？,拍卖管理办法,1,3
产权交易双方签订合同并支付相关费用后，联交所多久能出具产权交易凭证？,【产权交易】上海联合产权交易所有限公司企业国有产权转让出具交易凭证操作细则（沪联产交〔2018〕45号）,1,1
纳入配额管理的单位在申请节能减碳项目融资时，可以享受哪些金融支持？,上海市碳排放管理试行办法,1,2
在撰写投资风险提示时，需要综合考虑哪些方面的专业意见？,【产权交易】企业增资业务受托机构工作指引（试行）,1,3
市发展改革部门需要对哪些活动进行监督管理？,上海市碳排放管理试行办法,0,
招标拍卖挂牌出让结果应在多长时间内公布？,招标拍卖挂牌出让国有建设用地使用权规定,1,3
在什么情况下，依法必须进行公开招标的项目可以采用邀请招标？,工程建设项目施工招标投标办法,1,1
为了提高政府采购效率，采购人、集中采购机构和监管部门应如何处理有时间要求的事项？,财政部关于加强政府采购活动内部控制管理的指导意见,1,1
集体所有土地上建成的房屋转让需要满足哪些条件？,上海市房地产转让办法,1,1
上海市公共资源交易中心中介机构信用记分为0分或连续12个月评估不佳，会有什么后果？,【综合采购】上海市公共资源交易中心中介机构和中介机构从业人员信用记分评估标准（试行）,1,1
已经为某政府采购项目提供整体设计的公司，还能参与该项目的其他采购活动吗？,中华人民共和国政府采购法实施条例,1,1
采购人在收到评标报告后，需要在多长时间内确定中标人？,政府采购货物和服务招标投标管理办法,1,1
大中型企业与小型、微型企业组成联合体时，是否存在投资关系有限制吗？,财政部、工业和信息化部关于印发《政府采购促进中小企业发展暂行办法》的通知,1,1
预售商品房的房地产开发企业在什么条件下可以与受让人办理过户手续？,上海市房地产转让办法,1,1
转让方在向财政部门提交直接协议转让上市公司股份的材料时，需要包含哪些具体内容？,金融企业国有资产转让管理办法,1,1
哪些类型的系统属于政务信息系统的范畴？,财政部关于印发《政务信息系统政府采购管理暂行办法》的通知,1,1
招标拍卖挂牌活动结束后，出让结果需要在多长时间内公布？,招标拍卖挂牌出让国有建设用地使用权规定,1,4
在招标过程中，如果两家投标单位都能满足招标文件的实质性要求，但一家价格更高，另一家综合评分更高，应如何确定中标人？,招标拍卖挂牌出让国有建设用地使用权规定,0,
电子招标投标交易平台的运营机构及其关联单位能否在该平台进行的招标项目中投标或代理投标？,电子招标投标办法,1,1
招标人对招标文件进行澄清或修改后，需要在什么时间前通知投标人，并报备给哪个部门？,房屋建筑和市政基础设施工程施工招标投标管理办法,1,2
询价采购中，从发出询价通知书到供应商提交响应文件的截止时间最少需要多少天？,政府采购非招标采购方式管理办法,1,1
政府采购领域如何推进联合惩戒工作？,财政部关于在政府采购活动中查询及使用信用记录有关问题的通知,1,1
上海联合产权交易所有限公司都有哪些接待方式？,【产权交易】上海联合产权交易所有限公司业务咨询接待服务规定（沪联产交〔2019〕49号）,1,1
政府采购非招标采购方式管理办法的制定目的是什么？,政府采购非招标采购方式管理办法,1,1
招标公告和公示信息发布前需要哪些签字和盖章手续？,招标公告和公示信息发布管理办法,1,1
在进行非公开协议方式的企业产权转让时，国资监管机构需要审核哪些文件？,企业国有资产交易监督管理办法,1,1
如果2015年3月1日以后签订的政府采购合同未按要求公告，应该怎么处理？,财政部关于做好政府采购信息公开工作的通知,1,1
在上海市进行房地产转让时，主要依据哪些法律法规？,上海市房地产转让办法,1,1
采购人或者采购代理机构在磋商过程中可以向评审专家提供倾向性解释吗？,财政部关于印发《政府采购竞争性磋商采购方式管理暂行办法》的通知,1,1
纳入配额管理的单位应在什么时间内履行配额清缴义务？,上海市碳排放管理试行办法,1,1
在哪些情况下，采购人应终止单一来源采购活动并重新开展采购？,政府采购非招标采购方式管理办法,1,1
评标委员会成员在评审过程中出现意见分歧时，应如何处理？,政府采购货物和服务招标投标管理办法,1,4
编制和调整政府购买服务指导性目录的依据是什么？,政府购买服务管理办法,1,1
哪些主体可以作为公共资源拍卖的委托人？,上海市商务委员会等七部门关于印发《上海市公共资源拍卖管理办法》的通知,1,1
购买主体在政府购买服务项目履约管理中需要做哪些工作？,政府购买服务管理办法,1,1
企业内部人员参与国有资产转让时有哪些限制？,中华人民共和国企业国有资产法,1,9
如果政府采购合同履行后给第三方造成损失，第三方该如何维权？,政府采购质疑和投诉办法,1,3
如果房地产买卖中的一方违反合同约定，需要承担哪些责任？,上海市房地产转让办法,1,1
上海市交易中心发起方的信用记分达到多少分会被评估为优秀？,【综合采购】上海市公共资源交易中心发起方信用记分评估标准（试行）,1,1
供应商在询价采购活动中能否多次修改报价？,政府采购非招标采购方式管理办法,1,1
投标人在编制投标文件时，是否必须按照要求进行加密？,电子招标投标办法,1,1
中央和地方预算单位的政府采购信息应分别在哪些媒体上公开？,财政部关于做好政府采购信息公开工作的通知,1,1
哪些类型的资产应当被纳入政府经管资产的管理范畴？,财政部关于进一步规范和加强行政事业单位国有资产管理的指导意见,1,1
在进行文物拍卖前，是否需要办理特定的审批手续？,中华人民共和国拍卖法,1,2
拍卖企业在处理拍卖标的的来源和瑕疵问题时，有哪些责任和义务？,拍卖管理办法,1,1
如何提高行政事业单位资产管理干部队伍的素质和能力？,财政部关于进一步规范和加强行政事业单位国有资产管理的指导意见,1,1
国家机关擅自处理应委托拍卖的物品，相关责任人会受到什么处罚？,中华人民共和国拍卖法,1,1
上海环境能源交易所的会员分为哪几类，各自有哪些业务权限？,【碳排放权】上海环境能源交易所碳排放交易会员管理办法（试行）,1,1
企业在区域性股权市场发行股票需要满足哪些条件？,区域性股权市场监督管理试行办法,1,1
为什么采购需求制定与内部审核岗位需要分开设置？,财政部关于加强政府采购活动内部控制管理的指导意见,1,1
受让上市公司股份后，受让方需要满足哪些条件才能拥有上市公司的实际控制权？,金融企业国有资产转让管理办法,1,1
竞争性谈判公告的公告期限是多久？,财政部关于做好政府采购信息公开工作的通知,1,1
意向投资人对增资人进行尽职调查时，需要签署保密协议吗？,【产权交易】企业增资业务规则（试行）,1,3
政府采购中如何贯彻权责对等与依法惩处的原则？,财政部关于加强政府采购活动内部控制管理的指导意见,1,1
采购人或采购代理机构拒收供应商在法定质疑期内发出的质疑函，会有什么后果？,政府采购质疑和投诉办法,1,1
供应商在政府采购活动中需要承担哪些义务？,上海市财政局关于印发《上海市政府采购供应商登记及诚信管理办法》的通知(2017),1,1
在行政事业单位资产管理中，各级财政部门和主管部门的具体职责是什么？,财政部关于进一步规范和加强行政事业单位国有资产管理的指导意见,1,2
如果买受人未支付拍卖价款，拍卖人应该如何处理？,上海市商务委员会等七部门关于印发《上海市公共资源拍卖管理办法》的通知,1,4
列入交易目录的公共资源交易事项是否必须通过交易平台进行？,上海市公共资源交易管理办法,1,1
哪些情况下大型居住社区项目的勘察、设计、施工和监理可以直接发包？,上海市城乡建设和交通委员会关于印发《关于加强本市大型居住社区工程建设服务和管理工作的若干意见》的通知,1,1
挂牌出让国有建设用地使用权的具体操作步骤有哪些？,招标拍卖挂牌出让国有建设用地使用权规定,1,1
供应商入库后，如果公司信息发生变化，需要在多长时间内更新？,上海市财政局关于印发《上海市政府采购供应商登记及诚信管理办法》的通知(2017),1,1
商务主管部门工作人员在执行公务中获知的保密信息泄露，会如何处理？,拍卖管理办法,1,1
房地产开发企业在什么情况下可以变更已预售商品房的建筑设计？,上海市房地产转让办法,1,1
如果需要对已发出的招标文件进行澄清或修改，应该如何操作？,财政部关于做好政府采购信息公开工作的通知,0,
市交易平台为交易主体提供哪些在线服务？,上海市公共资源交易管理办法,1,2
电子招标投标交易平台运营机构在投标截止时间前，能否向第三方泄露潜在投标人的信息？,电子招标投标办法,1,1
在进行宏观环境分析时，应从哪些方面评估增资人的投资价值和竞争优势？,【产权交易】企业增资业务受托机构工作指引（试行）,1,1
如果发现供应商涂改或伪造商品房预售许可证，应该如何处理？,上海市房地产转让办法,1,1
业务部门如何处理和利用“业务咨询接待登记表”？,【产权交易】上海联合产权交易所有限公司业务咨询接待服务规定（沪联产交〔2019〕49号）,1,1
施工直接发包和合同备案手续办理需要多长时间？,上海市城乡建设和交通委员会关于印发《可直接发包产业项目的直接发包手续与建设工程合同备案手续合并办理的办事指南》的通知,1,1
政府采购活动中，能否以企业的注册资本金、资产总额等规模条件对中小企业进行差别待遇？,财政部、工业和信息化部关于印发《政府采购促进中小企业发展暂行办法》的通知,1,1
客户参与碳排放交易需要提交哪些材料进行开户登记？,【碳排放权】上海环境能源交易所碳排放交易会员管理办法（试行）,1,9
响应方提交的电子投标保函和电子履约保函是否会被限制或拒收？,上海市公共资源交易管理办法,0,
国有资产监督管理机构在国有独资企业兼并破产过程中有哪些职责？,企业国有资产监督管理暂行条例,1,1
在产权交易中，转让方可以对意向受让方提出哪些具体要求？,金融企业国有资产转让管理办法,1,1
在进行企业增资时，哪些文件是必须提供的？,企业国有资产交易监督管理办法,1,1
磋商过程中，磋商小组可以对采购需求中的技术要求进行实质性变动吗？,财政部关于印发《政府采购竞争性磋商采购方式管理暂行办法》的通知,1,1
采购人在签订合同时，能否提出超出采购文件的要求？,政府采购非招标采购方式管理办法,1,3
未登记的供应商可以先获取采购文件吗？需要在什么时间前完成登记手续？,上海市财政局关于印发《上海市政府采购供应商登记及诚信管理办法》的通知(2017),1,1
如果投诉书内容不符合规定，财政部门会如何处理？,政府采购质疑和投诉办法,1,1
企业国有资产交易标的需要满足哪些条件才能进行交易？,企业国有资产交易监督管理办法,1,1
供应商在磋商过程中需要重新提交响应文件时，签字和盖章的要求是什么？,财政部关于印发《政府采购竞争性磋商采购方式管理暂行办法》的通知,1,1
采购人和采购代理机构在提供材料时需要承担哪些责任？,上海市财政局关于印发《上海市政府采购供应商登记及诚信管理办法》的通知(2017),1,1
供应商能否委托他人代为提出质疑和投诉？如果可以，需要准备哪些材料？,政府采购质疑和投诉办法,1,1
上海市公共资源交易中心发起方信用记分，哪些情况下发起方的评估结果会被标注为较差？,【综合采购】上海市公共资源交易中心发起方信用记分评估标准（试行）,1,1
财政部门及其工作人员在政府采购监督管理中存在违法违纪行为，会受到怎样的处理？,政府采购货物和服务招标投标管理办法,1,1
大型居住社区项目在什么条件下可以并联实施勘察、设计、施工和监理的招投标手续？,上海市城乡建设和交通委员会关于印发《关于加强本市大型居住社区工程建设服务和管理工作的若干意见》的通知,1,1
公开招标项目中，如果合格投标人不足3家，是否可以进行评标？,政府采购货物和服务招标投标管理办法,1,1
投标人在投标截止时间前可以对投标文件进行哪些操作？需要履行哪些手续？,政府采购货物和服务招标投标管理办法,1,6
在进行资产转让时，是否可以对受让方设置资格条件？,企业国有资产交易监督管理办法,1,4
运营机构在区域性股权市场可以开展哪些具体的业务活动？,区域性股权市场监督管理试行办法,1,1
在尽职调查中，如何分析增资人业务所需依赖的关键资源？,【产权交易】企业增资业务受托机构工作指引（试行）,1,1
区域性股权市场的诚信档案是否对公众开放查询？,区域性股权市场监督管理试行办法,1,1
在政府采购信息化管理中，哪些系统功能是重点建设的？,财政部关于加强政府采购活动内部控制管理的指导意见,1,8
哪些拍卖活动需要由依法取得从事拍卖业务许可的企业进行？,拍卖管理办法,1,1
如果评标委员会认为某投标单位的报价明显偏低，会如何处理？,政府采购货物和服务招标投标管理办法,1,1
开标和评标现场活动需要录音录像吗？这些资料如何处理？,政府采购货物和服务招标投标管理办法,0,
评标工作完成后，评审专家的劳务报酬和差旅费应由谁支付？是否可以向其他人员支付评审劳务报酬？,政府采购货物和服务招标投标管理办法,0,
申请参与本市碳排放配额交易的企业和组织需要提交哪些材料？,【碳排放权】上海环境能源交易所碳排放交易机构投资者适当性制度实施办法（试行）,1,2
使用支票提交投标保证金的流程是怎样的？,投标保证金提交与退还操作须知,1,1
区域性股权市场在扶持中小微企业发展方面扮演什么角色？,区域性股权市场监督管理试行办法,1,1
自然人参加政府采购活动需要登记入库吗？,上海市财政局关于印发《上海市政府采购供应商登记及诚信管理办法》的通知(2017),1,1
在上海市政府采购中，供应商如何进行基本信息登记？,上海市财政局关于印发《上海市政府采购供应商登记及诚信管理办法》的通知(2017),1,1
资产处置完成后，主管部门和财政部门需要履行哪些备案手续？,财政部关于进一步规范和加强行政事业单位国有资产管理的指导意见,1,1
评标专家的评标情况需要详细记录吗？,评标专家和评标专家库管理暂行办法,1,2
供应商提交响应文件时需要注意什么时间要求？,政府采购非招标采购方式管理办法,1,2
承接大型居住社区项目的勘察设计单位需要满足哪些资质要求？,上海市城乡建设和交通委员会关于印发《关于加强本市大型居住社区工程建设服务和管理工作的若干意见》的通知,1,1
行政事业单位资产在履行职能方面有哪些重要作用？,财政部关于进一步规范和加强行政事业单位国有资产管理的指导意见,1,1
政府采购评审专家未按规定进行评审或泄露评审信息，会受到哪些处罚？,中华人民共和国政府采购法实施条例,1,1
评标过程中发现招标文件存在重大缺陷，评标委员会应该怎么做？,政府采购货物和服务招标投标管理办法,1,1
采购人在建立内部授权管理体系时，需要遵循哪些原则？,财政部关于加强政府采购活动内部控制管理的指导意见,1,1
成为公共资源拍卖人需要满足哪些条件？,上海市商务委员会等七部门关于印发《上海市公共资源拍卖管理办法》的通知,1,3
在制定采购需求时，需要包含哪些具体内容？,财政部关于印发《政务信息系统政府采购管理暂行办法》的通知,1,1
哪些情况下水运工程项目可以不进行招标？,水运工程建设项目招标投标管理办法,1,1
企业在区域性股权市场可以发行哪些类型的证券？,区域性股权市场监督管理试行办法,1,1
招标人设置不合理条件限制潜在投标人，会受到怎样的处罚？,工程建设项目施工招标投标办法,1,6
政府采购工程如果不进行招标，应采用哪种采购方式？,中华人民共和国政府采购法实施条例,1,5
被投诉人在收到投诉答复通知书后，需要在多长时间内作出书面说明并提交相关材料？,政府采购质疑和投诉办法,1,1
如果履行出资人职责的机构委派的股东代表未按指示履行职责，导致国有资产损失，该代表需要承担哪些法律责任？,中华人民共和国企业国有资产法,1,1
电子招标投标公共服务平台需要具备哪些主要功能？,电子招标投标办法,1,1
在评标过程中，如果需要投标人对投标文件进行澄清或说明，应该通过什么方式进行？,电子招标投标办法,0,
挂牌出让的土地，挂牌时间最短需要多久？,招标拍卖挂牌出让国有建设用地使用权规定,1,10
产权交易中止的期限一般有多长？,【产权交易】上海联合产权交易所有限公司交易中止和终结操作细则（沪联产交〔2018〕50号）,1,1
产权转让项目在正式披露信息时，最短需要披露多长时间？,企业国有资产交易监督管理办法,1,1
企业申请从事拍卖业务许可时，注册资本需要达到多少？,中华人民共和国拍卖法,1,3
磋商小组的组成有何具体要求？,财政部关于印发《政府采购竞争性磋商采购方式管理暂行办法》的通知,1,1
竞争性谈判结束后，提交最后报价的供应商数量有何要求？,政府采购非招标采购方式管理办法,1,1
全国和地方电子招标投标活动的指导协调工作分别由哪些部门负责？,电子招标投标办法,1,1
评审专家在评审过程中擅离职守会有什么处罚？,政府采购非招标采购方式管理办法,1,10
在评标过程中，采购人代表是否可以担任评标组长？,政府采购货物和服务招标投标管理办法,1,1
如果运营机构违法违规经营或出现重大风险，地方金融监管部门会采取哪些措施？,区域性股权市场监督管理试行办法,1,1
拍卖会的具体流程是怎样的？,招标拍卖挂牌出让国有建设用地使用权规定,0,
谈判小组如何确定成交候选人并编写评审报告？,政府采购非招标采购方式管理办法,1,1
交易中心在进行名称变更或经营范围调整时，需要向哪个部门提出申请？,上海市公共资源交易管理办法,1,2
新建安居房、平价房的转让价格是如何确定的？,上海市房地产转让办法,1,1
如果投标人未参加开标，是否会影响其对开标结果的认可？,政府采购货物和服务招标投标管理办法,1,1
上海市交易中心信用记分的扣分等级有哪些？,【综合采购】上海市公共资源交易中心发起方信用记分评估标准（试行）,1,3
国有资产监督管理机构如何对企业负责人进行考核？,企业国有资产监督管理暂行条例,1,1
政府采购活动中，信用信息查询记录和相关证据需要保存多久？,财政部关于在政府采购活动中查询及使用信用记录有关问题的通知,1,1
询价采购中，如果对询价通知书进行了澄清或修改，需要在什么时间通知供应商？,政府采购非招标采购方式管理办法,1,1
软件和信息技术服务企业，从业人员80人，营业收入800万元，属于什么规模的企业？,工业和信息化部、国家统计局、国家发展和改革委员会、财政部关于印发中小企业划型标准规定的通知,1,1
在上海市政府采购活动中，哪些机构必须使用供应商库？,上海市财政局关于印发《上海市政府采购供应商登记及诚信管理办法》的通知(2017),1,1
在评估增资人公司管理层和核心技术人员的稳定性时，需要考虑哪些因素？,【产权交易】企业增资业务受托机构工作指引（试行）,1,1
转让方未履行内部决策程序或职工安置方案审议程序，是否会导致产权交易被中止？,【产权交易】上海联合产权交易所有限公司交易中止和终结操作细则（沪联产交〔2018〕50号）,1,2
受托机构在处理尽职调查工作底稿时，对未公开披露的信息有哪些保密义务？,【产权交易】企业增资业务受托机构工作指引（试行）,1,1
国家出资企业内部的资产转让是否可以非公开进行？,企业国有资产交易监督管理办法,1,1
上海市公共资源交易中心中介机构评估结果为优秀后，能获得哪些具体待遇？,【综合采购】上海市公共资源交易中心中介机构和中介机构从业人员信用记分评估标准（试行）,1,1
企业国有资产交易是否可以在非依法设立的产权交易机构中进行？,企业国有资产交易监督管理办法,1,1
对于工期较长的施工招标项目，招标文件中是否需要包含工程造价指数体系和价格调整方法？,工程建设项目施工招标投标办法,1,1
增资人在申请增资信息预公告时，需要提交哪些主要材料？,【产权交易】企业增资业务规则（试行）,1,1
国有及国有控股金融企业作为上市公司股份转让方，在确定受让方后需要向财政部门报送哪些材料？,金融企业国有资产转让管理办法,1,1
如果采购人未按规定确定成交供应商，会受到哪些处罚？,政府采购非招标采购方式管理办法,1,1
如果质疑和投诉文书的提交期限届满日是节假日，该如何处理？,政府采购质疑和投诉办法,1,1
投标人在投标过程中是否可以与其他投标人协商报价？,政府采购货物和服务招标投标管理办法,1,1
电子招标投标系统具体包括哪些平台？各平台的主要功能是什么？,电子招标投标办法,1,1
事业单位在进行对外投资时需要遵循哪些程序和要求？,财政部关于进一步规范和加强行政事业单位国有资产管理的指导意见,1,1
擅自转让房屋建设工程会受到哪些处罚？,上海市房地产转让办法,1,1
评标委员会成员在评审过程中出现意见分歧时，如何处理？,政府采购货物和服务招标投标管理办法,1,3
在重大专项改革中，如何确保涉及的资产处置工作安全进行？,财政部关于进一步规范和加强行政事业单位国有资产管理的指导意见,1,1
纳入配额管理的单位在解散、注销、停止生产经营或迁出本市时，应如何处理碳排放报告？,上海市碳排放管理试行办法,1,1
碳排放交易的资金划付和配额交割是如何进行的？,上海市碳排放管理试行办法,1,1
交易所自营类会员资格是否可以进行转让？,【碳排放权】上海环境能源交易所碳排放交易会员管理办法（试行）,1,2
磋商文件的发售期限和供应商提交首次响应文件的时间间隔有何具体要求？,财政部关于印发《政府采购竞争性磋商采购方式管理暂行办法》的通知,1,1
会员在推荐会员代表时需要提交哪些文件？,【碳排放权】上海环境能源交易所碳排放交易会员管理办法（试行）,1,2
乡村振兴战略中，到2035年的主要目标是什么？,中共中央、国务院关于实施乡村振兴战略的意见,1,1
在竞争性谈判项目中，供应商重新提交响应文件时需要哪些签字和附件要求？,政府采购非招标采购方式管理办法,1,1
申请上海市公共资源交易中心隔夜评标，评标场地需要提前多久提交预约申请？,【综合采购】上海市公共资源交易中心隔夜评标操作指引,1,1
如果投标文件没有按照招标文件要求签署和盖章，投标会被判定为无效吗？,政府采购货物和服务招标投标管理办法,1,3
综合性区域评估包括哪些具体内容？,上海市优化营商环境条例,0,
在公共资源交易活动中，能否以供应商的注册地或所有制作为限制条件？,上海市公共资源交易管理办法,1,1
上海市公共资源拍卖中心的日常运行由谁负责？,上海市拍卖行业协会关于成立上海市公共资源拍卖中心的请示报告,1,1
在什么情况下，采购人可以终止已经发布的招标活动？,政府采购货物和服务招标投标管理办法,1,1
全国范围内的拍卖活动由哪个部门负责监督管理？,中华人民共和国拍卖法,1,2
企业国有资产的所有权归属及管理机制是怎样的？,企业国有资产监督管理暂行条例,1,3
会员单位是否必须设立会员代表？会员代表的职责是什么？,【碳排放权】上海环境能源交易所碳排放交易会员管理办法（试行）,1,2
中标结果公告时，需要同时公告哪些文件？,财政部关于做好政府采购信息公开工作的通知,1,10
涂改或伪造商品房预售许可证会有什么法律后果？,上海市房地产转让办法,1,1
竞争性谈判项目中，最终投资人如何确定？,【产权交易】企业增资业务规则（试行）,1,3
上海市公共资源拍卖中心如何满足信息发布和查询需求？,上海市拍卖行业协会关于成立上海市公共资源拍卖中心的请示报告,1,5
财政部门在处理投诉事项时，主要采用什么方式？在什么情况下会进行调查取证或组织质证？,政府采购质疑和投诉办法,1,1
政府购买服务项目中，购买主体能否为承接主体的融资行为提供担保？,政府购买服务管理办法,1,1
申请参与碳排放配额交易的机构投资者需要满足哪些条件？,【碳排放权】上海环境能源交易所碳排放交易机构投资者适当性制度实施办法（试行）,1,3
联交所在确定投资人择优结果后，多久内向参与增资活动的各方发出通知？,【产权交易】企业增资业务规则（试行）,1,3
区域性股权市场参与者违反规定，地方金融监管部门可以采取哪些监督管理措施？,区域性股权市场监督管理试行办法,1,1
提交符合要求的申请材料后，交易所多久会给出办理意见？,【碳排放权】上海环境能源交易所碳排放交易会员管理办法（试行）,1,3
如果项目必须进行招标，但招标人试图通过化整为零的方式规避招标，会受到什么处罚？,工程建设项目施工招标投标办法,1,3
如何确定招标拍卖挂牌的标底或底价？,招标拍卖挂牌出让国有建设用地使用权规定,1,1
在进行行业竞争能力分析时，如何利用SWOT分析法评估公司与主要竞争对手的差异？,【产权交易】企业增资业务受托机构工作指引（试行）,1,1
财政部门对集中采购机构考核结果的公告需要包含哪些内容？,财政部关于做好政府采购信息公开工作的通知,1,2
地方财政部门在制定行政事业单位资产管理地方性制度时，需要涵盖哪些方面？,财政部关于进一步规范和加强行政事业单位国有资产管理的指导意见,1,2
各级国有资产监督管理机构的职责是什么？,企业国有资产监督管理暂行条例,1,1
如何确保行政事业单位的资产配置科学合理？,财政部关于进一步规范和加强行政事业单位国有资产管理的指导意见,1,1
在尽职调查结论中，如何确认增资人的合法合规性？,【产权交易】企业增资业务受托机构工作指引（试行）,1,1
评标专家在什么情况下会被从评标专家库中除名？,评标专家和评标专家库管理暂行办法,1,2
什么是《上海市房地产转让办法》中所定义的房地产转让？,上海市房地产转让办法,1,1
在工程竣工验收备案时，如果发现违背承诺的情况，建设单位需要采取什么措施？,上海市城乡建设和交通委员会关于印发《关于加强本市大型居住社区工程建设服务和管理工作的若干意见》的通知,1,1
办理上海市建设工程勘察项目的直接发包和合同备案手续时，需要携带哪些材料？,上海市城乡建设和交通委员会关于印发《可直接发包产业项目的直接发包手续与建设工程合同备案手续合并办理的办事指南》的通知,1,1
在招标投标活动中，是否可以设置额外的注册登记或投标报名等前置条件来限制潜在投标人下载资格预审文件或招标文件？,电子招标投标办法,1,1
在碳排放管理相关法规中，“以上”、“以下”是否包含本数？,上海市碳排放管理试行办法,1,1
意向投资人在获得资格确认后，需要做什么才能成为合格意向投资人？,【产权交易】企业增资业务规则（试行）,1,1
上海联合产权交易所有限公司收到来电咨询时，业务员暂时离席，怎么办？,【产权交易】上海联合产权交易所有限公司业务咨询接待服务规定（沪联产交〔2019〕49号）,1,1
如果供应商在截止时间后送达响应文件，会被接受吗？,政府采购非招标采购方式管理办法,1,2
国有资产监督管理机构在决定转让国有股权时，需要哪些批准程序？,企业国有资产监督管理暂行条例,0,
碳排放配额的具体定义是什么？,上海市碳排放管理试行办法,1,1
在设定政府购买服务承接主体条件时，有哪些注意事项？,政府购买服务管理办法,1,1
公开招标公告中必须包含哪些基本信息？,财政部关于做好政府采购信息公开工作的通知,1,2
招标人不按规定组建评标委员会会有什么后果？,工程建设项目施工招标投标办法,1,2
政府采购评审专家库是如何进行管理的？,中华人民共和国政府采购法实施条例,1,2
什么是建筑市场信用信息？,上海市住房城乡建设管理委、上海市水务局、上海市绿化市容局关于印发《上海市建筑市场信用信息管理办法》的通知,1,1
在哪些情况下，交易所可以限制或终止会员的业务和资格？,【碳排放权】上海环境能源交易所碳排放交易会员管理办法（试行）,1,2
在金融企业国有资产转让过程中，财政部门对转让方报送的材料审核的重点是什么？,金融企业国有资产转让管理办法,1,1
竞买人需要满足哪些资格要求才能参与公共资源拍卖？,上海市商务委员会等七部门关于印发《上海市公共资源拍卖管理办法》的通知,1,1
联交所收到增资申请材料后，多长时间内需要进行形式审核？,【产权交易】企业增资业务规则（试行）,1,2
公共资源拍卖活动需要遵循哪些基本原则？,上海市商务委员会等七部门关于印发《上海市公共资源拍卖管理办法》的通知,1,2
政府采购中，哪些部门负责监督检查促进中小企业发展政策的执行情况？,财政部、工业和信息化部关于印发《政府采购促进中小企业发展暂行办法》的通知,1,1
在申请增资信息正式公告时，增资人需要额外提交哪些材料？,【产权交易】企业增资业务规则（试行）,1,1
政府采购当事人违反规定给他人造成损失，应承担什么责任？,政府采购非招标采购方式管理办法,1,10
如果投标文件在截止时间后送达，采购人是否可以接受该投标文件？,政府采购货物和服务招标投标管理办法,1,1
地方采购项目的预算金额超过500万元时，信息发布有哪些特别要求？,财政部关于做好政府采购信息公开工作的通知,1,1
在招投标评审中，如何分析和评估投标公司近三年的财务状况？,【产权交易】企业增资业务受托机构工作指引（试行）,0,
政府采购预算中，面向中小企业的采购比例有何具体要求？,财政部、工业和信息化部关于印发《政府采购促进中小企业发展暂行办法》的通知,1,1
供应商的诚信状况是如何被记录和管理的？,上海市财政局关于印发《上海市政府采购供应商登记及诚信管理办法》的通知(2017),1,1
在政府采购投诉处理过程中，哪些情况下财政部门会驳回投诉？,政府采购质疑和投诉办法,1,1
国有独资企业在招投标过程中，是否需要承担企业国有资产的保值增值责任？,企业国有资产监督管理暂行条例,1,1
区域性股权市场的诚信信息是否需要记入中国证监会的诚信档案数据库？,区域性股权市场监督管理试行办法,1,1
编写增资人简介时，需要涵盖哪些方面的内容？,【产权交易】企业增资业务受托机构工作指引（试行）,1,2
办理施工直接发包和合同备案手续的表格在哪里填报？,上海市城乡建设和交通委员会关于印发《可直接发包产业项目的直接发包手续与建设工程合同备案手续合并办理的办事指南》的通知,1,1
电子招标投标平台是否可以要求投标人购买指定的工具软件？,电子招标投标办法,1,1
受托机构如何评估增资人管理层的诚信情况？,【产权交易】企业增资业务受托机构工作指引（试行）,1,1
投诉处理过程中产生的第三方费用由谁承担？,政府采购质疑和投诉办法,1,1
交易平台收到投标文件后，需要向投标人提供什么反馈？,电子招标投标办法,1,1
评审现场组织工作是否可以由一个人单独完成？,财政部关于加强政府采购活动内部控制管理的指导意见,0,
在施工招标中，招标人能否将工程技术上紧密相连的单位工程分割成多个标段进行招标？,工程建设项目施工招标投标办法,1,5
区域性股权市场的信息系统安全由谁负责？,区域性股权市场监督管理试行办法,1,1
在政务信息系统采购活动中，采购人是否需要指派代表参与评审？,财政部关于印发《政务信息系统政府采购管理暂行办法》的通知,1,1
本市碳排放配额分配方案由哪些部门制定，需要经过哪些审批程序？,上海市碳排放管理试行办法,1,1
如果纳入配额管理的单位发生合并，其配额和相关权利义务如何处理？,上海市碳排放管理试行办法,1,2
如果投标人对开标过程有疑义，应该怎么处理？,政府采购货物和服务招标投标管理办法,1,1
在依法必须进行招标的工程建设项目中，招标人需要上报什么文件，包含哪些内容？,工程建设项目货物招标投标办法,1,4
在招投标过程中，如何评估一家公司的独立性？,【产权交易】企业增资业务受托机构工作指引（试行）,0,
挂牌出让过程中，挂牌截止时如何确定最高报价及其报价者？,招标拍卖挂牌出让国有建设用地使用权规定,1,2
财政部门在监督政府采购内部控制管理制度方面有哪些具体措施？,财政部关于加强政府采购活动内部控制管理的指导意见,1,1
所出资企业在经营管理国有资产时，需要承担哪些责任？,企业国有资产监督管理暂行条例,1,1
在评估公司股权结构时，需要关注哪些关键信息？,【产权交易】企业增资业务受托机构工作指引（试行）,0,
在审查增资人公司治理情况时，应重点关注哪些方面？,【产权交易】企业增资业务受托机构工作指引（试行）,1,1
市发展改革部门在第三方机构管理方面需要建立哪些制度？,上海市碳排放管理试行办法,1,3
哪些组织属于农业生产经营组织？,中华人民共和国农业法,1,1
在进行监理直接发包和合同备案手续办理前，需要满足哪些前提条件？,上海市城乡建设和交通委员会关于印发《可直接发包产业项目的直接发包手续与建设工程合同备案手续合并办理的办事指南》的通知,1,1
拍卖未成交时，拍卖人能否向委托人收取费用？如果能，收费标准是什么？,中华人民共和国拍卖法,1,1
外籍高层次人才在上海市如何办理工作许可和居留许可？,上海市优化营商环境条例,1,1
磋商小组在审查响应文件时，发现文件中有含义不明确的内容，可以要求供应商澄清吗？,财政部关于印发《政府采购竞争性磋商采购方式管理暂行办法》的通知,1,1
询价采购需求中的技术和服务要求需要满足哪些条件？,政府采购非招标采购方式管理办法,1,3
政府采购活动中，供应商的信用记录是如何影响其参与资格的？,财政部关于在政府采购活动中查询及使用信用记录有关问题的通知,1,2
受托机构在核实增资人是否完成增资审批程序时，需要关注哪些方面？,【产权交易】企业增资业务受托机构工作指引（试行）,1,1
招标人或其委托的招标代理机构在发布资格预审公告、招标公告或投标邀请书时，需要包含哪些信息？,电子招标投标办法,1,4
中标人或竞得人在确定中标后，需要在什么时间内与出让人签订出让合同？,招标拍卖挂牌出让国有建设用地使用权规定,1,1
如果评标委员会拒绝复核评标结果，采购代理机构应该如何处理？,政府采购货物和服务招标投标管理办法,1,1
在哪些情况下，企业增资可以采取非公开协议方式？,企业国有资产交易监督管理办法,1,3
上海市公共资源交易中心评标（评审）专家信用记分在60分到70分之间时，会面临什么处罚？,【综合采购】上海市公共资源交易中心评标（评审）专家信用记分评估标准（试行）,1,1
纳入配额管理的单位在进行节能改造和淘汰落后产能时，能否继续享受节能减排专项资金支持？,上海市碳排放管理试行办法,1,1
电子招标投标交易平台运营机构需要采取哪些技术措施来保证平台的安全性和可靠性？,电子招标投标办法,1,1
转让方在完成金融企业国有资产转让后，需要办理哪些后续手续？,金融企业国有资产转让管理办法,1,1
成交供应商确定后，采购人需要在多长时间内公告成交结果？,政府采购非招标采购方式管理办法,1,1
投标人在投标截止时间前撤回投标文件，采购人应在多少个工作日内退还投标保证金？,政府采购货物和服务招标投标管理办法,0,
如何有效盘活行政事业单位的存量资产？,财政部关于进一步规范和加强行政事业单位国有资产管理的指导意见,1,1
评标专家有哪些权利？,评标专家和评标专家库管理暂行办法,1,2
在拍卖会上，如果主持人连续三次宣布同一应价但没有再应价，是否可以直接宣布成交？,招标拍卖挂牌出让国有建设用地使用权规定,1,1
评标评审专家如何在线进行评标评审并提交报告？,上海市公共资源交易管理办法,0,
投诉人在投诉处理决定做出前要求撤回投诉，行政监督部门如何处理？,工程建设项目招标投标活动投诉处理办法,1,1
政府采购信息公开工作的重要性体现在哪些方面？,财政部关于做好政府采购信息公开工作的通知,1,1
采购人在选择采购代理机构时，是否需要查询其信用记录？,财政部关于在政府采购活动中查询及使用信用记录有关问题的通知,1,1
政府购买服务项目在选择时，应优先考虑哪些方面的项目？,政府购买服务管理办法,1,1
法人分支机构可以独立参加政府采购活动吗？法人和其分支机构能否同时参与同一项目的采购活动？,上海市财政局关于印发《上海市政府采购供应商登记及诚信管理办法》的通知(2017),1,2
招标文件或资格预审文件的出售时间有何规定？,工程建设项目施工招标投标办法,1,2
上市金融企业转让国有股份需要通过什么途径进行？,金融企业国有资产转让管理办法,1,1
如果投诉处理中发现被投诉单位的相关人员有违法行为，会如何处理？,工程建设项目招标投标活动投诉处理办法,1,1
评标专家在评标过程中有哪些禁止行为？,评标专家和评标专家库管理暂行办法,1,1
提交产权交易中止申请时，需要提供哪些材料？,【产权交易】上海联合产权交易所有限公司交易中止和终结操作细则（沪联产交〔2018〕50号）,1,1
评标过程中，采购人的其他工作人员可以进入评标现场吗？,政府采购货物和服务招标投标管理办法,1,1
拍卖活动的相关记录需要保存多长时间？,上海市商务委员会等七部门关于印发《上海市公共资源拍卖管理办法》的通知,1,2
招标出让国有建设用地使用权的具体流程是怎样的？,招标拍卖挂牌出让国有建设用地使用权规定,1,1
如果我们的公司已经无偿取得了此后年度的配额，但在审定结论后需要完成配额清缴义务，这些无偿取得的配额会被如何处理？,上海市碳排放管理试行办法,1,1
评审专家因严重违规被取消资格后，还能参加政府采购项目的评审吗？,政府采购非招标采购方式管理办法,1,1
行政事业单位资产管理信息系统需要与哪些系统实现对接？,财政部关于进一步规范和加强行政事业单位国有资产管理的指导意见,1,1
增资方案通常需要包含哪些主要内容？,【产权交易】企业增资业务规则（试行）,1,1
拍卖师资格证书由哪个机构颁发？,中华人民共和国拍卖法,1,2
投标人在投标截止时间前撤回投标文件，采购人多久内需要退还投标保证金？,政府采购货物和服务招标投标管理办法,0,
如果采购人在规定时间内未确定中标人，会如何处理？,政府采购货物和服务招标投标管理办法,1,1
招标文件可以只用英文编写吗？,房屋建筑和市政基础设施工程施工招标投标管理办法,1,2
联交所需要在多长时间内将意向投资人的信息反馈给增资人？,【产权交易】企业增资业务规则（试行）,1,1
我在投诉招投标活动时，哪些情况下投诉不会被受理？,工程建设项目招标投标活动投诉处理办法,1,1
国家出资企业的产权转让需要经过哪些审批程序？,企业国有资产交易监督管理办法,1,1
新建房屋在保修期内再转让，原房地产转让人是否还需承担保修责任？,上海市房地产转让办法,1,1
设区的市、自治州级人民政府履行出资人职责的国有及国有控股、国有参股企业，需要向哪个机构备案？,企业国有资产监督管理暂行条例,1,1
招投标项目中的工作底稿需要保存多长时间？,【产权交易】企业增资业务受托机构工作指引（试行）,1,1
如果转让方或转让标的企业在国有资产转让过程中违规，会受到哪些处罚？,金融企业国有资产转让管理办法,1,2
政府采购项目中，财政部门处理投诉事项时，所需时间是否计入投诉处理期限内？,中华人民共和国政府采购法实施条例,1,3
供应商在提交最后报价前退出谈判，其保证金如何处理？,政府采购非招标采购方式管理办法,1,1
哪些公共资源交易事项需要列入交易目录？,上海市公共资源交易管理办法,1,1
谈判文件中必须包含哪些主要内容？,政府采购非招标采购方式管理办法,1,1
评审专家在政府采购项目中若出现严重违规行为，会受到哪些处罚？,政府采购非招标采购方式管理办法,1,6
政府购买服务合同中必须包含哪些关键条款？,政府购买服务管理办法,1,1
拍卖保留价是如何确定的，并且需要通知哪些人？,上海市商务委员会等七部门关于印发《上海市公共资源拍卖管理办法》的通知,1,1
在什么情况下，采购人可以要求投标人提供样品？,政府采购货物和服务招标投标管理办法,1,1
在政府采购过程中，采购人和采购代理机构应通过哪些渠道查询供应商的信用记录？,财政部关于在政府采购活动中查询及使用信用记录有关问题的通知,1,1
哪些政府采购信息需要由采购人或者其委托的采购代理机构负责公开？,财政部关于做好政府采购信息公开工作的通知,1,1
在招投标活动中，哪些文件需要按照《中华人民共和国电子签名法》进行电子签名和存档？,电子招标投标办法,1,2
采购需求应当包含哪些具体内容？,政府采购货物和服务招标投标管理办法,1,4
在工作底稿中，工作记录和附件的具体作用是什么？,【产权交易】企业增资业务受托机构工作指引（试行）,1,1
出让国有土地上房地产转让时，出让合同中的权利和义务如何处理？,上海市房地产转让办法,1,1
会员合并后新设立的法人如何承继会员资格？,【碳排放权】上海环境能源交易所碳排放交易会员管理办法（试行）,1,2
在会员代表空缺期间，由谁代行会员代表职责？,【碳排放权】上海环境能源交易所碳排放交易会员管理办法（试行）,1,2
谁负责推动建立本地区统一的电子招标投标公共服务平台？,电子招标投标办法,1,1
行政事业单位所属企业是否需要向国家上交国有资本经营收益？,财政部关于进一步规范和加强行政事业单位国有资产管理的指导意见,1,1
上海市公共资源交易平台的运行和维护由哪个机构负责？,上海市公共资源交易管理办法,1,4
投资者在区域性股权市场买卖证券时，需要向哪个机构申请开立证券账户？,区域性股权市场监督管理试行办法,1,1
在电子招标投标活动中，是否允许伪造、篡改或损毁相关信息？,电子招标投标办法,1,1
上海市交易中心在隔夜评标过程中需要安排值班人员吗？,【综合采购】上海市公共资源交易中心隔夜评标操作指引,1,1
企业国有资产交易需要遵循哪些基本原则和规定？,企业国有资产交易监督管理办法,1,1
在什么情况下，采购人可以从原供应商处添购原有采购项目而不需要重新审核？,财政部关于印发《政府采购进口产品管理办法》的通知,1,1
如果一个项目的勘察、设计和施工分别估算价为150万元、150万元和200万元，是否需要招标？,必须招标的工程项目规定,1,1
受托机构在调查增资人业务情况时，可以采取哪些具体方法？,【产权交易】企业增资业务受托机构工作指引（试行）,1,1
拟采用单一来源采购方式的项目，在报财政部门批准前需要公示哪些内容？,政府采购非招标采购方式管理办法,1,1
在政府采购监督检查和投诉处理中，中小企业认定由哪个部门负责？,财政部、工业和信息化部关于印发《政府采购促进中小企业发展暂行办法》的通知,1,1
上海市公共资源交易中心多久更新一次评标专家的信用记分？,【综合采购】上海市公共资源交易中心评标（评审）专家信用记分评估标准（试行）,1,1
投标保证金的付款人有什么具体要求？,投标保证金提交与退还操作须知,1,3
如何确定政府采购岗位的轮岗周期？,财政部关于加强政府采购活动内部控制管理的指导意见,1,1
提交外文证据时需要满足哪些要求？,政府采购质疑和投诉办法,1,5
在企业破产过程中，哪些部门会参与协调机制来解决相关问题？,上海市优化营商环境条例,1,1
如果采购人逾期退还投标保证金，需要支付额外的费用吗？,政府采购货物和服务招标投标管理办法,1,7
资产处置事项的备案流程是怎样的？,财政部关于进一步规范和加强行政事业单位国有资产管理的指导意见,0,
供应商在政府采购活动中如果提供虚假材料谋取中标，会受到哪些处罚？,财政部关于印发《政府采购进口产品管理办法》的通知,0,
编制尽职调查工作底稿时，需要满足哪些基本要求？,【产权交易】企业增资业务受托机构工作指引（试行）,1,1
编制资格预审文件时，需要考虑哪些因素？,政府采购货物和服务招标投标管理办法,1,1
投标文件中报价出现不一致情况时，应如何进行修正？,政府采购货物和服务招标投标管理办法,1,1
政府采购投诉或监督检查处理决定完成后，多久内需要公告？,财政部关于做好政府采购信息公开工作的通知,1,1
在拍卖过程中，委托人是否需要向拍卖人说明拍卖标的的来源和瑕疵？,中华人民共和国拍卖法,1,1
市发展改革部门在实施监督管理时可以采取哪些具体措施？,上海市碳排放管理试行办法,0,
省级以上国资监管机构在选择产权交易机构时有哪些具体要求？,企业国有资产交易监督管理办法,1,1
上海市建设工程勘察项目的直接发包和合同备案手续办理需要多长时间？,上海市城乡建设和交通委员会关于印发《可直接发包产业项目的直接发包手续与建设工程合同备案手续合并办理的办事指南》的通知,1,1
公共资源拍卖平台如何加强对拍卖活动的规范引导？,上海市商务委员会等七部门关于印发《上海市公共资源拍卖管理办法》的通知,1,1
在招标过程中，采购人和采购代理机构能否将投标人的注册资本、资产总额等规模条件作为资格要求或评审因素？,政府采购货物和服务招标投标管理办法,1,1
对于面向社会主体提供服务的政务信息系统，在采购需求中是否必须采用云计算模式？,财政部关于印发《政务信息系统政府采购管理暂行办法》的通知,1,1
政府采购项目信息应当在哪里发布？,中华人民共和国政府采购法实施条例,0,
为什么需要将资产管理与财务管理、实物管理与价值管理相结合？,财政部关于进一步规范和加强行政事业单位国有资产管理的指导意见,1,1
综合类会员在哪些情况下不能接受客户委托进行交易？,【碳排放权】上海环境能源交易所碳排放交易会员管理办法（试行）,1,2
投标过程中，哪些行为属于违规串通投标？,房屋建筑和市政基础设施工程施工招标投标管理办法,0,
哪些主体可以被视为投标人？,政府采购货物和服务招标投标管理办法,0,
产权转让项目首次正式信息披露的转让底价有何要求？,企业国有资产交易监督管理办法,1,2
农业法中定义的“农业”具体包括哪些产业？,中华人民共和国农业法,1,1
投资方以非货币资产出资时，需要经过哪些程序？,企业国有资产交易监督管理办法,1,1
政府采购项目中，大型企业获得合同后，是否可以分包给中小企业？,财政部、工业和信息化部关于印发《政府采购促进中小企业发展暂行办法》的通知,1,1
依法必须招标的工程建设项目在报送审批、核准材料时，需要包含哪些招标内容？,工程建设项目货物招标投标办法,1,2
在行政事业单位资产配置过程中，应当遵循哪些基本原则？,财政部关于进一步规范和加强行政事业单位国有资产管理的指导意见,1,1
增资企业在增资活动期间发生重大变化时，需要采取哪些措施？,【产权交易】企业增资业务规则（试行）,1,1
如果转让项目自首次信息披露起超过12个月未征集到合格受让方，需要怎么做？,企业国有资产交易监督管理办法,1,1
企业国有资产监督管理暂行条例的制定目的是什么？,企业国有资产监督管理暂行条例,1,1
如果货物或服务采购项目达到公开招标数额标准，但想采用竞争性磋商方式，需要经过哪些审批程序？,财政部关于印发《政府采购竞争性磋商采购方式管理暂行办法》的通知,1,1
政务信息系统采购需求具体需要包含哪些内容？,财政部关于印发《政务信息系统政府采购管理暂行办法》的通知,1,1
谁是水运工程建设项目的招标人？,水运工程建设项目招标投标管理办法,1,1
受托机构及相关人员对工作底稿中的哪些信息负有保密责任？,【产权交易】企业增资业务受托机构工作指引（试行）,1,1
在招标过程中，如何确定中标人？,招标拍卖挂牌出让国有建设用地使用权规定,0,
拍卖人在接受委托时需要做哪些工作？,中华人民共和国拍卖法,1,2
谁负责决定所出资企业的国有股权转让？,企业国有资产监督管理暂行条例,1,2
评标专家入选专家库有哪些途径？,评标专家和评标专家库管理暂行办法,1,1
行政事业单位的国有资产所有权和使用权是如何分配的？,财政部关于进一步规范和加强行政事业单位国有资产管理的指导意见,1,1
发布媒介需要向哪些部门报送招标公告和公示信息的发布情况？,招标公告和公示信息发布管理办法,1,1
如何提升行政事业单位国有资产管理的有效性？,财政部关于进一步规范和加强行政事业单位国有资产管理的指导意见,1,1
在处置国有资产时，需要遵循哪些原则和程序？,财政部关于进一步规范和加强行政事业单位国有资产管理的指导意见,1,9
在拍卖标的受让人有特别规定的情况下，拍卖企业和委托人分别有哪些注意事项？,拍卖管理办法,1,1
在什么情况下，联交所会中止增资活动？,【产权交易】企业增资业务规则（试行）,1,1
在进行招投标项目时，如何全面分析增资人所处行业的发展趋势和风险？,【产权交易】企业增资业务受托机构工作指引（试行）,1,1
政府采购合同应包含哪些主要内容？,政府采购货物和服务招标投标管理办法,0,
本市在推动长三角区域公共资源交易协同合作方面有哪些具体措施？,上海市公共资源交易管理办法,1,1
上海市公共资源交易中心评标（评审）专家信用记分低于60分会有什么后果？,【综合采购】上海市公共资源交易中心评标（评审）专家信用记分评估标准（试行）,1,1
小型、微型企业获得政府采购合同后，能否将合同分包或转包给大型、中型企业？,财政部、工业和信息化部关于印发《政府采购促进中小企业发展暂行办法》的通知,1,1
拍卖企业在举办拍卖活动时，公告发布的时间和媒体选择有哪些具体要求？,拍卖管理办法,1,1
为什么鼓励大型居住社区采用设计、施工、采购一体化（EPC）总承包模式？,上海市城乡建设和交通委员会关于印发《关于加强本市大型居住社区工程建设服务和管理工作的若干意见》的通知,1,1
监管部门在处理政府采购投诉时，需要建立哪些机制来确保决策的合法性和公正性？,财政部关于加强政府采购活动内部控制管理的指导意见,1,1
拍卖企业在哪些情况下会被有关行政机关依法处罚？,拍卖管理办法,1,1
如果发现有人违反《招标投标法》，应由哪个部门进行处罚？,房屋建筑和市政基础设施工程施工招标投标管理办法,0,
投标保证金可以通过哪些方式提交？哪些方式是不被允许的？,投标保证金提交与退还操作须知,1,1
公共资源配置领域的政府信息公开目录是由哪个部门编制的？,上海市公共资源交易管理办法,0,
招标公告和资格预审公告的公告期限是多久？,财政部关于做好政府采购信息公开工作的通知,1,3
财政部门对供应商的行政处罚和信用信息会如何使用？,上海市财政局关于印发《上海市政府采购供应商登记及诚信管理办法》的通知(2017),1,1
什么是代理业务，哪些会员可以开展代理业务？,【碳排放权】上海环境能源交易所碳排放交易会员管理办法（试行）,1,4
电子招标投标中，发布媒介收到招标公告和公示信息后，多久内必须发布？,招标公告和公示信息发布管理办法,1,1
如何加强对国有资产收益的监督管理？,财政部关于进一步规范和加强行政事业单位国有资产管理的指导意见,1,1
大型居住社区项目设计文件审查采用告知承诺制时，勘察设计单位需要承担哪些责任？,上海市城乡建设和交通委员会关于印发《关于加强本市大型居住社区工程建设服务和管理工作的若干意见》的通知,1,1
资格预审合格的投标申请人如何获取招标文件？,房屋建筑和市政基础设施工程施工招标投标管理办法,1,6
交易所收到机构投资者的申报材料后，会如何进行审核？,【碳排放权】上海环境能源交易所碳排放交易机构投资者适当性制度实施办法（试行）,1,2
投标截止时间前未完成投标文件传输，会如何处理？,电子招标投标办法,1,1
竞买人扰乱公共资源拍卖活动，会受到什么处罚？,上海市商务委员会等七部门关于印发《上海市公共资源拍卖管理办法》的通知,1,1
碳排放配额的取得、转让、变更、清缴、注销等需要通过什么系统进行登记？,上海市碳排放管理试行办法,1,1
询价过程中，询价小组能否更改询价通知书中的技术和服务要求？,政府采购非招标采购方式管理办法,1,1
评标委员会成员的名单需要保密吗？,房屋建筑和市政基础设施工程施工招标投标管理办法,0,
采购文件应当包括哪些主要内容？,政府采购非招标采购方式管理办法,1,1
在实施乡村振兴战略中，到2020年的具体目标是什么？,中共中央、国务院关于实施乡村振兴战略的意见,1,1
我提交了投诉书后，行政监督部门多久会给我答复？如果不符合受理条件，他们会如何处理？,工程建设项目招标投标活动投诉处理办法,1,1
按照《【综合采购】上海市公共资源交易中心隔夜评标操作指引》规定，隔夜评标的工作时间一般截止到几点？,【综合采购】上海市公共资源交易中心隔夜评标操作指引,1,1
中标人或竞得人在确定后，需要在多长时间内与出让人签订出让合同？,招标拍卖挂牌出让国有建设用地使用权规定,1,1
磋商小组成员对评审报告有异议时，应该如何处理？,财政部关于印发《政府采购竞争性磋商采购方式管理暂行办法》的通知,1,1
如果对行政监督部门的投诉处理决定不满意，应该怎么办？,工程建设项目招标投标活动投诉处理办法,1,1
电子招标投标交易平台运营机构在招标过程中有哪些禁止行为？,电子招标投标办法,1,1
承接主体在政府购买服务项目中，是否需要配合相关部门的监督检查和绩效评价？,政府购买服务管理办法,1,1
区域性股权市场是否可以为外省企业提供服务？,区域性股权市场监督管理试行办法,1,1
如何确保政府采购内部控制管理制度的有效执行？,财政部关于加强政府采购活动内部控制管理的指导意见,1,1
在进行房地产买卖时，转让当事人需要缴纳哪些税费？,上海市房地产转让办法,1,1
拍卖企业在拍卖会前展示拍卖标的的具体要求是什么？,拍卖管理办法,1,1
会员在什么情况下可以使用交易所的标识及文字进行经营活动？,【碳排放权】上海环境能源交易所碳排放交易会员管理办法（试行）,1,2
企业资产转让需要经过哪些程序？,企业国有资产交易监督管理办法,1,2
非集中采购机构的采购代理机构是否需要建立内部控制管理制度？,财政部关于加强政府采购活动内部控制管理的指导意见,1,1
哪些部门负责监督工程建设项目中的货物招标投标活动？,工程建设项目货物招标投标办法,1,1
招标文件发出后，招标人需要进行哪些备案手续？,房屋建筑和市政基础设施工程施工招标投标管理办法,1,1
投标保证金的上限是多少？,房屋建筑和市政基础设施工程施工招标投标管理办法,0,
评审小组在审查响应文件时，可以要求供应商进行澄清吗？,政府采购非招标采购方式管理办法,1,3
如何确保行政事业单位的资产得到有效使用和监管？,财政部关于进一步规范和加强行政事业单位国有资产管理的指导意见,1,1
工程建设项目中，如果货物合同价格超出了批准的概算投资范围，应当如何处理？,工程建设项目货物招标投标办法,1,2
如果产权转让项目信息披露期满未征集到意向受让方，应当如何处理？,企业国有资产交易监督管理办法,1,1
在政府采购项目中，如何判断一家餐饮企业属于中小微型企业？,工业和信息化部、国家统计局、国家发展和改革委员会、财政部关于印发中小企业划型标准规定的通知,1,1
产权交易机构在增资项目中具体负责哪些工作？,企业国有资产交易监督管理办法,1,5
招标文件修改后，通知潜在供应商的时间有何要求？,财政部关于做好政府采购信息公开工作的通知,0,
在什么情况下，采购人或者采购代理机构应当终止竞争性磋商采购活动？,财政部关于印发《政府采购竞争性磋商采购方式管理暂行办法》的通知,1,1
拍卖前展示拍卖标的的时间有何具体要求？,中华人民共和国拍卖法,1,4
市场主体在选择交易平台时有哪些限制？,上海市公共资源交易管理办法,1,1
中标人确定后，采购人或者采购代理机构应在多长时间内公告中标结果？,政府采购货物和服务招标投标管理办法,1,1
行政监督部门在什么情况下可以将投诉处理结果公布于媒体？,工程建设项目招标投标活动投诉处理办法,1,1
供应商在参与政府采购活动时，需要承担哪些主要义务？,上海市财政局关于印发《上海市政府采购供应商登记及诚信管理办法》的通知(2017),1,1
如果监管机构对预售款监管不当，导致预购人损失，责任应由谁承担？,上海市房地产转让办法,1,1
受托机构在进行尽职调查时，需要满足哪些基本要求？,【产权交易】企业增资业务受托机构工作指引（试行）,1,1
如果投标文件中文字金额和数字金额不一致，应以哪个为准？,房屋建筑和市政基础设施工程施工招标投标管理办法,0,
在房地产交换合同中，必须明确标注交换的价格差额吗？,上海市房地产转让办法,1,1
如果采购人未在规定时间内确定中标人，会有什么后果？,政府采购货物和服务招标投标管理办法,1,1
如果违法行为影响了成交结果，但合同尚未履行，应该如何处理？,政府采购非招标采购方式管理办法,1,1
所出资企业投资设立的重要子企业进行重大事项决策时，需要经过哪些审批流程？,企业国有资产监督管理暂行条例,1,2
联交所收到终结申请后，多久会作出决定？,【产权交易】上海联合产权交易所有限公司交易中止和终结操作细则（沪联产交〔2018〕50号）,1,1
产权交易合同生效后，交易结果需要公示吗？如果需要，公示期限是多久？,企业国有资产交易监督管理办法,1,1
挂牌出让的时间有何规定？是否可以调整增价幅度？,招标拍卖挂牌出让国有建设用地使用权规定,1,1
如果违法行为影响了成交结果，但采购合同尚未履行，应如何处理？,政府采购非招标采购方式管理办法,1,1
上海市公共资源交易中心评标（评审）专家专家的信用记分达到多少分会被评为优秀？,【综合采购】上海市公共资源交易中心评标（评审）专家信用记分评估标准（试行）,1,1
什么是《拍卖管理办法》所称的拍卖企业？,拍卖管理办法,1,1
开标过程中，投标人代表对开标记录有疑问，应该如何处理？,政府采购货物和服务招标投标管理办法,1,1
子企业产权转让在哪些情况下需要报国资监管机构批准？,企业国有资产交易监督管理办法,1,1
在使用综合评分法的采购项目中，如何处理提供相同品牌产品的多个投标人？,政府采购货物和服务招标投标管理办法,1,1
如果供应商在截止时间后送达响应文件，会有什么后果？,财政部关于印发《政府采购竞争性磋商采购方式管理暂行办法》的通知,1,1
如何界定政府采购中的“进口产品”？,财政部关于印发《政府采购进口产品管理办法》的通知,1,1
国家出资企业的董事、监事、高级管理人员因违法行为取得的收入，会如何处理？,中华人民共和国企业国有资产法,1,1
投标有效期的起始时间应如何确定？,工程建设项目施工招标投标办法,1,2
未中标投标人如何申请退还投标保证金？,投标保证金提交与退还操作须知,1,1
拍卖保证金的作用是什么，竞买人如何交纳？,上海市商务委员会等七部门关于印发《上海市公共资源拍卖管理办法》的通知,1,8
上海市公共资源交易中心评标（评审）专家信用记分低于80分但高于70分时，会有什么影响？,【综合采购】上海市公共资源交易中心评标（评审）专家信用记分评估标准（试行）,1,1
企业申请取得从事拍卖业务的许可，需要满足哪些条件？,拍卖管理办法,1,1
如果采购人、采购代理机构未依法发布政府采购项目信息，会受到怎样的处理？,财政部关于做好政府采购信息公开工作的通知,1,7
在政府采购投诉过程中，如果投诉人想撤回投诉，财政部门应该如何处理？,政府采购质疑和投诉办法,1,1
工程完工后，竣工结算的具体流程是怎样的？,建筑工程施工发包与承包计价管理办法,1,1
上海市公共资源拍卖管理办法的制定目的是什么？,上海市商务委员会等七部门关于印发《上海市公共资源拍卖管理办法》的通知,1,1
采购人在收到评审报告后，如果在规定时间内未确定成交供应商，会如何处理？,政府采购非招标采购方式管理办法,1,2
委托人能否自行确定拍卖标的的保留价，并要求拍卖人保密？,中华人民共和国拍卖法,1,1
在哪些情况下，转让方可以不披露上市公司股份协议转让信息？,金融企业国有资产转让管理办法,1,1
在哪些情况下，会员需要更换会员代表或联络员并书面报告交易所？,【碳排放权】上海环境能源交易所碳排放交易会员管理办法（试行）,1,2
施工直接发包和合同备案手续应该向哪个部门提交？,上海市城乡建设和交通委员会关于印发《可直接发包产业项目的直接发包手续与建设工程合同备案手续合并办理的办事指南》的通知,1,1
行政监督部门在处理招投标投诉时，有哪些权力？,工程建设项目招标投标活动投诉处理办法,1,1
政府采购中，如何确定一个企业是否符合中小企业标准？,财政部、工业和信息化部关于印发《政府采购促进中小企业发展暂行办法》的通知,1,1
物业管理公司从业人员250人，营业收入800万元，在政府采购项目中属于什么规模的企业？,工业和信息化部、国家统计局、国家发展和改革委员会、财政部关于印发中小企业划型标准规定的通知,1,1
企业在进行重大资产转让时，是否需要按照企业国有资产交易的相关规定进行？,企业国有资产交易监督管理办法,1,1
证券发行人和挂牌公司在信息披露过程中，需要遵循哪些基本原则？,区域性股权市场监督管理试行办法,1,1
哪些子企业的增资行为需要由国家出资企业报同级国资监管机构批准？,企业国有资产交易监督管理办法,1,1
在什么情况下，联交所会撤销已出具的产权交易凭证？,【产权交易】上海联合产权交易所有限公司企业国有产权转让出具交易凭证操作细则（沪联产交〔2018〕45号）,1,1
采购人在政务信息系统采购活动中，是否必须指派代表参与评标委员会或竞争性磋商小组？,财政部关于印发《政务信息系统政府采购管理暂行办法》的通知,1,1
在进行增资人内部情况分析时，需要重点关注哪些方面以评估其未来发展的核心竞争力？,【产权交易】企业增资业务受托机构工作指引（试行）,1,1
如果项目中止或终结导致相关方损失，责任由谁承担？,【产权交易】上海联合产权交易所有限公司交易中止和终结操作细则（沪联产交〔2018〕50号）,1,1
房地产转让合同签订后，转让人能否与第三方再签订同一房产的转让合同？,上海市房地产转让办法,1,1
组成专家组的条件有哪些？采购人代表能否参与专家组？,财政部关于印发《政府采购进口产品管理办法》的通知,0,
在进行上市公司股份直接协议转让时，转让方需要履行哪些内部决策程序？,金融企业国有资产转让管理办法,1,1
《上海市房地产转让办法》适用于哪些区域的房地产转让？,上海市房地产转让办法,1,1
在什么情况下，采购人可以采用竞争性谈判或单一来源采购方式？,政府采购非招标采购方式管理办法,1,3
工程项目货物招标时，在哪些情况下，采用邀请招标方式？,工程建设项目货物招标投标办法,1,2
地方金融监管部门在进行现场检查时，可以采取哪些具体措施？,区域性股权市场监督管理试行办法,1,1
为什么要进一步规范和加强行政事业单位资产管理？,财政部关于进一步规范和加强行政事业单位国有资产管理的指导意见,1,1
在评估增资人的技术优势和研发能力时，需要关注哪些具体方面？,【产权交易】企业增资业务受托机构工作指引（试行）,1,1
投标文件未按规定加密，交易平台会如何处理？,电子招标投标办法,1,1
交易主体在签订合同后需要通过交易平台进行哪些操作？,上海市公共资源交易管理办法,1,1
招标人是否可以收取招标文件的工本费和设计文件的押金？,房屋建筑和市政基础设施工程施工招标投标管理办法,1,1
采购人在签订合同时，能否向成交供应商提出超出磋商文件的要求？,财政部关于印发《政府采购竞争性磋商采购方式管理暂行办法》的通知,1,1
评估结果为不佳的发起方在上海市交易中心会被如何标注？,【综合采购】上海市公共资源交易中心发起方信用记分评估标准（试行）,1,1
政府采购中的服务范围具体包括哪些内容？,中华人民共和国政府采购法实施条例,1,5
国家出资企业的管理者如何进行业绩考核？,中华人民共和国企业国有资产法,1,1
上海市建筑市场信用信息的监督管理和综合协调由哪个部门负责？,上海市住房城乡建设管理委、上海市水务局、上海市绿化市容局关于印发《上海市建筑市场信用信息管理办法》的通知,1,1
市发展改革部门和行业主管部门在公共资源交易领域的信用监管中具体承担哪些职责？,上海市公共资源交易管理办法,1,1
《【碳排放权】上海环境能源交易所碳排放交易机构投资者适当性制度实施办法（试行）》依据哪些法律法规指定？,【碳排放权】上海环境能源交易所碳排放交易机构投资者适当性制度实施办法（试行）,1,1
国有独资公司进行重大资产处置时，是否需要经过国有资产监督管理机构的批准？,企业国有资产监督管理暂行条例,1,1
大型居住社区建设项目的审批流程有哪些优化措施？,上海市城乡建设和交通委员会关于印发《关于加强本市大型居住社区工程建设服务和管理工作的若干意见》的通知,1,1
如果投标人计划在中标后分包部分工作，是否需要在投标文件中明确说明？,政府采购货物和服务招标投标管理办法,0,
如果磋商文件无法详细列明技术和服务要求，磋商结束后如何确定提交最后报价的供应商？,财政部关于印发《政府采购竞争性磋商采购方式管理暂行办法》的通知,1,1
在区域性股权市场发行证券时，对投资者和持有人数量有何要求？,区域性股权市场监督管理试行办法,1,1
行政监督部门和监察机关在电子招标投标活动中有什么限制？,电子招标投标办法,1,1
增资信息预公告和正式公告的发布期限分别是多少？,【产权交易】企业增资业务规则（试行）,1,1
水运工程建设项目在什么情况下可以开始勘察、设计招标？,水运工程建设项目招标投标管理办法,1,1
政府采购进口产品审核中的专家组如何组成？,财政部关于印发《政府采购进口产品管理办法》的通知,1,1
如何确保政府采购信息的公开透明？,财政部关于做好政府采购信息公开工作的通知,1,1
如果供应商对招投标过程中的行政处罚不服，可以采取哪些法律途径？,上海市房地产转让办法,0,
交易市场出现异常情况时，交易所可以采取哪些紧急措施？,上海市碳排放管理试行办法,1,5
产权转让信息披露期满后，如何组织竞价？,企业国有资产交易监督管理办法,0,
质疑答复函需要包含哪些内容？,政府采购质疑和投诉办法,1,1
对于预算金额在1000万元以上的采购项目，评标委员会的成员人数有何特殊要求？,政府采购货物和服务招标投标管理办法,1,1
需要履行项目审批、核准手续的工程建设项目，在招标前需要报批哪些内容？,工程建设项目施工招标投标办法,1,2
电子招标投标公共服务平台如何与交易平台进行信息交换？,电子招标投标办法,1,1
在招投标过程中，哪些工作底稿需要采用纸质文档形式留存？,【产权交易】企业增资业务受托机构工作指引（试行）,1,1
国有及国有控股企业的负责人因国有资产损失被撤职，是否有任职限制？,企业国有资产监督管理暂行条例,1,1
在产权转让项目中，转让方需要披露哪些信息？,企业国有资产交易监督管理办法,1,1
纳入配额管理的单位需要履行哪些具体责任？,上海市碳排放管理试行办法,1,1
金融企业国有资产转让具体包括哪些类型？,金融企业国有资产转让管理办法,1,1
提交终结申请时，申请人需要提供哪些材料？,【产权交易】上海联合产权交易所有限公司交易中止和终结操作细则（沪联产交〔2018〕50号）,1,1
以联合体形式参加政府采购活动时，如果需要投诉，应当由谁提出？,政府采购质疑和投诉办法,1,1
主管部门在制定本部门或本行业的国有资产管理办法时，需要做哪些工作？,财政部关于进一步规范和加强行政事业单位国有资产管理的指导意见,1,2
政府购买服务能否向个人购买？有什么限制条件？,政府购买服务管理办法,1,1
如果申请参与碳排放配额交易的企业或组织违反规定，交易所会采取哪些措施？,【碳排放权】上海环境能源交易所碳排放交易机构投资者适当性制度实施办法（试行）,1,1
采购人或者采购代理机构违反相关规定且情节严重，相关责任人员会受到什么处罚？,政府采购非招标采购方式管理办法,1,1
投标文件在截止时间前可以修改吗？,房屋建筑和市政基础设施工程施工招标投标管理办法,1,3
拍卖人在拍卖前声明无法保证拍卖标的真伪或品质，是否还需要承担瑕疵担保责任？,中华人民共和国拍卖法,1,3
上海市公共资源拍卖中心如何实现监管功能？,上海市拍卖行业协会关于成立上海市公共资源拍卖中心的请示报告,1,4
谈判小组在与供应商进行谈判时，是否需要给予所有参与的供应商平等的谈判机会？,政府采购非招标采购方式管理办法,1,2
国资监管机构如何确保国家出资企业及其控股和实际控制企业的国有资产交易合规？,企业国有资产交易监督管理办法,1,1
中标候选人公示需要包含哪些具体内容？,招标公告和公示信息发布管理办法,1,1
在技术复杂、专业性强的采购项目中，如何选择合适的评审专家？,政府采购货物和服务招标投标管理办法,0,
房屋建筑和市政基础设施工程施工招标投标活动适用哪些法律法规？,房屋建筑和市政基础设施工程施工招标投标管理办法,1,1
如果招标活动终止，已收取的招标文件费用和投标保证金如何处理？,政府采购货物和服务招标投标管理办法,1,9
本市对公共资源交易的监管方式是什么？,上海市公共资源交易管理办法,1,3
房地产开发企业在收取商品房预售款时，是否必须严格按照工程进度分期收取？,上海市房地产转让办法,1,1
政府采购合同中涉及个人隐私的信息可以公开吗？,财政部关于做好政府采购信息公开工作的通知,1,2
会员代表具体需要履行哪些职责？,【碳排放权】上海环境能源交易所碳排放交易会员管理办法（试行）,1,1
磋商结束后，提交最后报价的供应商数量有何要求？,财政部关于印发《政府采购竞争性磋商采购方式管理暂行办法》的通知,1,1
采购人和采购代理机构在哪些违规行为下会受到处罚？,政府采购非招标采购方式管理办法,1,1
上海市公共资源拍卖活动的监管部门有哪些？,上海市商务委员会等七部门关于印发《上海市公共资源拍卖管理办法》的通知,1,1
在评估增资人发展规划时，需要关注哪些关键方面？,【产权交易】企业增资业务受托机构工作指引（试行）,1,1
哪些采购方式属于政府采购非招标采购方式？,政府采购非招标采购方式管理办法,1,1
政企分开后，企业在招投标活动中如何确保国有资产的有效监管？,企业国有资产监督管理暂行条例,1,1
在评估增资人未来发展的核心竞争力时，如何综合考虑其内部情况和外部宏观环境？,【产权交易】企业增资业务受托机构工作指引（试行）,1,1
在询价采购过程中，询价小组是否可以更改询价通知书中的政府采购合同条款？,中华人民共和国政府采购法实施条例,1,3
什么样的投资主体可以被视为（意向）投资人？,【产权交易】企业增资业务规则（试行）,1,1
大数据分析在政府采购内部控制管理中有哪些应用方向？,财政部关于加强政府采购活动内部控制管理的指导意见,1,1
市级以上人民政府如何推动建立统一的电子招标投标公共服务平台？,电子招标投标办法,1,1
银行保函的保证人可以是任意银行吗？,投标保证金提交与退还操作须知,1,2
采购进口产品时，应遵循哪些原则？,财政部关于印发《政府采购进口产品管理办法》的通知,1,1
在哪些情况下，采购人或者采购代理机构需要终止询价采购活动并重新开展？,政府采购非招标采购方式管理办法,1,1
财政部门在处理投诉期间，能否暂停采购活动？如果可以，最长暂停时间是多少？,政府采购质疑和投诉办法,1,1
政府投资项目的评标专家可以从哪些渠道抽取？,评标专家和评标专家库管理暂行办法,1,1
如果增资信息正式公告发布期满后没有征集到合格意向投资人，增资人应该如何处理？,【产权交易】企业增资业务规则（试行）,1,1
房屋建设工程转让需要满足哪些条件？,上海市房地产转让办法,1,1
公开招标项目中，如果通过资格审查的投标人不足3家，应该如何处理？,政府采购货物和服务招标投标管理办法,1,1
在什么情况下可以采用竞争性谈判方式进行采购？,政府采购非招标采购方式管理办法,1,3
哪些资产属于金融企业国有资产？,金融企业国有资产转让管理办法,1,1
尽职调查工作底稿具体包括哪些内容？,【产权交易】企业增资业务受托机构工作指引（试行）,1,1
采用银行保函作为投标保证金时，需要提交哪些材料？,投标保证金提交与退还操作须知,1,1
评标过程中可以采用哪些方法？,房屋建筑和市政基础设施工程施工招标投标管理办法,1,10
行政事业单位在进行资产配置时，需要考虑哪些因素？,财政部关于进一步规范和加强行政事业单位国有资产管理的指导意见,1,1
政府采购招标评标方法有哪些，各自的定义是什么？,中华人民共和国政府采购法实施条例,1,1
在采用最低评标价法的采购项目中，如果有多个投标人提供相同品牌产品，如何确定参加评标的投标人？,政府采购货物和服务招标投标管理办法,1,1
在尽职调查中，如果审计报告带有强调事项段的无保留意见，应该如何处理？,【产权交易】企业增资业务受托机构工作指引（试行）,1,1
依法必须招标的项目，招标公告和公示信息是否可以在多个媒介上发布？,招标公告和公示信息发布管理办法,1,1
投标有效期的起始时间是如何规定的？,政府采购货物和服务招标投标管理办法,1,4
招标文件中的技术标准是否可以指定特定的专利或品牌？,工程建设项目施工招标投标办法,1,2
招标人自行办理施工招标需要具备哪些能力？,房屋建筑和市政基础设施工程施工招标投标管理办法,1,1
评标专家在哪些情况下会被取消评标委员会成员资格？,评标专家和评标专家库管理暂行办法,1,2
上海市交易中心对评估结果为一般的发起方会采取哪些提示方式？,【综合采购】上海市公共资源交易中心发起方信用记分评估标准（试行）,1,1
政府有关部门需要在网站上公布哪些与招投标相关的信息？,电子招标投标办法,1,1
投标文件未解密会有什么后果？,电子招标投标办法,1,1
信息传输企业在政府采购项目中，如何界定其属于中型企业？,工业和信息化部、国家统计局、国家发展和改革委员会、财政部关于印发中小企业划型标准规定的通知,1,2
如果一家公司在投标时报价远低于市场平均水平，是否会被认定为恶意低价竞标？,房屋建筑和市政基础设施工程施工招标投标管理办法,0,
如何通过内部控制管理提升政府采购的公信力？,财政部关于加强政府采购活动内部控制管理的指导意见,1,1
如果所有投标文件都不符合要求，评标委员会可以怎么做？,房屋建筑和市政基础设施工程施工招标投标管理办法,0,
在产权转让过程中，如何确定转让价格？,企业国有资产交易监督管理办法,1,4
采购活动记录中必须包含哪些具体内容？,政府采购非招标采购方式管理办法,1,1
在评审报告中，如果谈判小组成员有异议但拒绝签字，该如何处理？,政府采购非招标采购方式管理办法,1,1
房地产转让过程中，转让人需要向受让人告知哪些相关信息？,上海市房地产转让办法,1,1
资产处置完成后，如何进行产权变动和账务处理？,财政部关于进一步规范和加强行政事业单位国有资产管理的指导意见,1,3
在什么情况下，中标会被宣布无效，并由哪个部门负责处理？,房屋建筑和市政基础设施工程施工招标投标管理办法,1,2
招标拍卖挂牌公告中需要包含哪些主要内容？,招标拍卖挂牌出让国有建设用地使用权规定,1,2
在什么情况下，采购人或者采购代理机构需要发布项目终止公告？,财政部关于做好政府采购信息公开工作的通知,1,3
股份转让协议中必须包含哪些主要内容？,金融企业国有资产转让管理办法,1,1
如何综合评价和改进政府采购内部控制管理体系？,财政部关于加强政府采购活动内部控制管理的指导意见,1,1
成交供应商确定后，采购人或采购代理机构应在多长时间内公告成交结果？,财政部关于印发《政府采购竞争性磋商采购方式管理暂行办法》的通知,1,1
在政务信息系统采购中，如果项目既包含货物又包含服务，价格分值的比重应如何确定？,财政部关于印发《政务信息系统政府采购管理暂行办法》的通知,1,1
招标代理机构能否在其代理的招标项目中投标或为投标人提供咨询？,工程建设项目施工招标投标办法,1,1
政务信息系统采购需求需要满足哪些标准和要求？,财政部关于印发《政务信息系统政府采购管理暂行办法》的通知,1,1
上海市公共资源拍卖中心的监管机构是什么？,上海市拍卖行业协会关于成立上海市公共资源拍卖中心的请示报告,1,5
政府采购信息公开的目的是什么？,财政部关于做好政府采购信息公开工作的通知,1,1
受托机构在《增资专项报告》扉页需要做出哪些声明？,【产权交易】企业增资业务受托机构工作指引（试行）,1,1
开标过程中，哪些人员需要签字确认开标记录？,政府采购货物和服务招标投标管理办法,1,4
哪些类型的机构可以成为上海环境能源交易所的会员？,【碳排放权】上海环境能源交易所碳排放交易会员管理办法（试行）,1,2
金融企业国有资产转让的监督管理由哪个部门负责？,nan,0,
公共资源交易中的评标评审专家是如何抽取的？,上海市公共资源交易管理办法,0,
如果供应商的响应文件未实质性响应谈判文件要求，会如何处理？,政府采购非招标采购方式管理办法,1,1
运营机构需要在什么时间内向监管部门报送区域性股权市场的信息？,区域性股权市场监督管理试行办法,1,1
在招投标过程中，增资人的基本信息需要包含哪些内容？,【产权交易】企业增资业务受托机构工作指引（试行）,1,9
纳入配额管理的单位能否使用国家核证自愿减排量（CCER）进行配额清缴？,上海市碳排放管理试行办法,1,1
中标通知书发出后，采购人需要在多长时间内退还未中标人的投标保证金？,政府采购货物和服务招标投标管理办法,1,5
监理人员发现中标人违法分包，应该采取什么措施？,工程建设项目施工招标投标办法,1,4
办理施工直接发包和合同备案手续需要满足哪些条件？,上海市城乡建设和交通委员会关于印发《可直接发包产业项目的直接发包手续与建设工程合同备案手续合并办理的办事指南》的通知,1,1
国有资产监督管理机构的具体职责包括哪些方面？,企业国有资产监督管理暂行条例,1,1
国务院和地方人民政府在履行出资人职责方面有何具体分工？,企业国有资产监督管理暂行条例,1,1
哪些单位和人员属于建筑市场信用信息的各方主体？,上海市住房城乡建设管理委、上海市水务局、上海市绿化市容局关于印发《上海市建筑市场信用信息管理办法》的通知,1,1
受托机构在进行增资人独立性核查时，主要关注哪些方面？,【产权交易】企业增资业务受托机构工作指引（试行）,1,1
一家房地产开发企业，营业收入1500万元，资产总额6000万元，在政府采购中属于什么规模的企业？,工业和信息化部、国家统计局、国家发展和改革委员会、财政部关于印发中小企业划型标准规定的通知,1,1
在进行增资人内部情况分析时，需要重点考虑哪些因素来评估其未来发展的核心竞争力？,【产权交易】企业增资业务受托机构工作指引（试行）,1,1
同一品牌同一型号的货物，制造商可以委托多个代理商参加投标吗？,工程建设项目货物招标投标办法,1,1
在进行工程施工招标前，必须满足哪些基本条件？,房屋建筑和市政基础设施工程施工招标投标管理办法,1,3
在特定情况下，竞争性谈判采购的供应商最低数量是多少？,政府采购非招标采购方式管理办法,1,1
拍卖中心的运行机制具体是怎样的？,上海市拍卖行业协会关于成立上海市公共资源拍卖中心的请示报告,1,1
转让方在公开披露直接协议转让上市公司股份信息时，需要包含哪些关键内容？,金融企业国有资产转让管理办法,1,1
采购代理机构在哪些情况下会被暂停或取消政府采购代理资格？,政府采购非招标采购方式管理办法,1,1
哪个部门负责政府采购进口产品的审核和监督管理？,财政部关于印发《政府采购进口产品管理办法》的通知,1,1
企业违反碳排放配额管理规定，除了罚款外，还可能面临哪些行政处理措施？,上海市碳排放管理试行办法,1,1
中介机构在区域性股权市场从事业务活动时，需要遵守哪些规定和规范？,区域性股权市场监督管理试行办法,1,1
竞买人参与公共资源拍卖需要履行哪些手续和遵守哪些规定？,上海市商务委员会等七部门关于印发《上海市公共资源拍卖管理办法》的通知,1,2
办理登记结算业务的机构在为投资者开立证券账户时，需要进行哪些审查？,区域性股权市场监督管理试行办法,1,1
其他媒介违规发布或转载依法必须招标项目的招标公告和公示信息的，会如何处理？,招标公告和公示信息发布管理办法,1,1
增资人在发布增资信息时，能否对投资人的资格条件提出具体要求？,【产权交易】企业增资业务规则（试行）,1,1
谁负责上海市政府采购供应商库的建立和维护？,上海市财政局关于印发《上海市政府采购供应商登记及诚信管理办法》的通知(2017),1,1
采购项目验收时，是否可以邀请未中标的投标人参与？,政府采购货物和服务招标投标管理办法,1,1
招标人是否可以要求投标人提交投标担保，具体有哪些方式？,房屋建筑和市政基础设施工程施工招标投标管理办法,1,1
竞买人之间或竞买人与拍卖人之间是否可以恶意串通？,中华人民共和国拍卖法,1,2
在评标过程中，如果无法及时补足评标委员会成员，应如何处理？,政府采购货物和服务招标投标管理办法,1,1
潜在投标人对招标文件有疑问时，招标人应如何处理？,工程建设项目施工招标投标办法,0,
如果集体所有土地上的房屋要转让给不符合规定条件的受让人，需要办理哪些手续？,上海市房地产转让办法,1,1
电子招标投标交易平台对社会公众和市场主体有何开放要求？,电子招标投标办法,1,1
房地产买卖合同中需要包含哪些主要内容？,上海市房地产转让办法,1,1
如果采购人和实际使用者或受益者不是同一方，政务信息系统验收时需要怎么做？,财政部关于印发《政务信息系统政府采购管理暂行办法》的通知,1,1
国有土地上建成的房屋在进行转让时，需要满足哪些条件？,上海市房地产转让办法,1,1
评标委员会在评审投标文件时需要遵循哪些标准和方法？,房屋建筑和市政基础设施工程施工招标投标管理办法,0,
采购人和集中采购机构在确定采购方式和组织采购活动时，应如何确保内部审核的规范性和有效性？,财政部关于加强政府采购活动内部控制管理的指导意见,1,1
会员在发生哪些变更或情况时，需要在10个工作日内向交易所书面报告？,【碳排放权】上海环境能源交易所碳排放交易会员管理办法（试行）,1,2
行政监督部门在进行招投标投诉调查时，需要几名行政执法人员参与？,工程建设项目招标投标活动投诉处理办法,1,1
采购进口产品时，需要遵循哪些原则？,财政部关于印发《政府采购进口产品管理办法》的通知,1,1
意向受让方在交易过程中弄虚作假或恶意串通，是否会导致交易被中止？,【产权交易】上海联合产权交易所有限公司交易中止和终结操作细则（沪联产交〔2018〕50号）,1,2
在什么情况下，政府采购可以只从某一特定供应商处采购？,中华人民共和国政府采购法实施条例,1,2
上海市成立公共资源拍卖中心的目的是什么？,上海市拍卖行业协会关于成立上海市公共资源拍卖中心的请示报告,1,1
在政府采购中，哪些情况下可以不事先计算出价格总额？,中华人民共和国政府采购法实施条例,1,2
在进行企业资产转让时，能否对受让方设置特定的资格条件？,企业国有资产交易监督管理办法,1,2
供应商的行政处罚和信用信息会被记录在哪些平台？,上海市财政局关于印发《上海市政府采购供应商登记及诚信管理办法》的通知(2017),1,1
纳入配额管理的单位需要在什么时间前制定下一年度的碳排放监测计划？,上海市碳排放管理试行办法,1,2
联交所收到增资申请材料后，多长时间内需要进行形式审核并发布信息？,【产权交易】企业增资业务规则（试行）,1,1
政务信息系统项目验收结果在选择后续运行维护供应商时有什么作用？,财政部关于印发《政务信息系统政府采购管理暂行办法》的通知,1,1
国有资产监督管理机构的主要职责是什么？,企业国有资产监督管理暂行条例,1,1
受托机构在编写《增资专项报告》时，需要包含哪些主要内容？,【产权交易】企业增资业务受托机构工作指引（试行）,1,1
市发展改革部门工作人员在碳排放交易管理中有哪些行为会被追究责任？,上海市碳排放管理试行办法,1,3
我们公司在本市有排放边界范围内的国家核证自愿减排量，这些减排量能否用于本市的配额清缴？,上海市碳排放管理试行办法,1,2
哪些投资者可以被认定为区域性股权市场的合格投资者？,区域性股权市场监督管理试行办法,1,1
如果招标活动中投标人数量不足三人，出让人应该如何处理？,招标拍卖挂牌出让国有建设用地使用权规定,0,
如何确保政府采购信息的及时、完整、准确发布？,财政部关于做好政府采购信息公开工作的通知,1,3
评标报告需要包含哪些主要内容？,政府采购货物和服务招标投标管理办法,1,6
意向投资人在对增资人进行尽职调查时，是否需要签署保密协议？,【产权交易】企业增资业务规则（试行）,1,2
在重大工程建设项目中，是否可以在竣工验收备案前补齐部分材料？,上海市优化营商环境条例,0,
国有及国有控股企业的工会组织在招投标过程中需要遵守哪些规定？,企业国有资产监督管理暂行条例,0,
对于技术要求较高的政务信息系统，是否可以邀请外部专家参与需求制定？,财政部关于印发《政务信息系统政府采购管理暂行办法》的通知,1,1
产权转让信息需要披露多长时间？,企业国有资产交易监督管理办法,1,1
上海市公共资源交易中心发起方信用记分在70分到80分之间，市交易中心会采取哪些措施？,【综合采购】上海市公共资源交易中心发起方信用记分评估标准（试行）,1,1
政府购买的购买主体是什么？,政府购买服务管理办法,1,1
询价采购中，从发出询价通知书到供应商提交响应文件的时间间隔有何规定？,政府采购非招标采购方式管理办法,1,1
乡村振兴战略的最终目标是什么？,中共中央、国务院关于实施乡村振兴战略的意见,1,1
出让人在招标、拍卖或挂牌出让地块时，需要准备哪些文件？,招标拍卖挂牌出让国有建设用地使用权规定,1,3
申请成为上海环境能源交易所会员需要经过哪些步骤？,【碳排放权】上海环境能源交易所碳排放交易会员管理办法（试行）,1,2
竞买人未按时足额交纳拍卖保证金会有什么后果？,上海市商务委员会等七部门关于印发《上海市公共资源拍卖管理办法》的通知,1,10
会员合并后新设立的法人在取得会员资格方面有何特殊权利？,【碳排放权】上海环境能源交易所碳排放交易会员管理办法（试行）,1,2
交易所在收到会员推荐的申请材料后，多久会提出审核意见？,【碳排放权】上海环境能源交易所碳排放交易会员管理办法（试行）,1,2
未取得预售许可证预售商品房会受到哪些处罚？,上海市房地产转让办法,1,1
评标专家私下接触投标人会有什么处罚？,评标专家和评标专家库管理暂行办法,1,1
在审查增资人的无形资产情况时，需要了解哪些详细信息？,【产权交易】企业增资业务受托机构工作指引（试行）,1,7
在编制磋商文件时，是否可以指定特定供应商或品牌？,财政部关于印发《政府采购竞争性磋商采购方式管理暂行办法》的通知,1,1
行政监督部门受理了我的投诉后，多久会给出处理结果？,工程建设项目招标投标活动投诉处理办法,1,1
办理上海市建设工程勘察项目的直接发包和合同备案手续时，应该去哪里提交材料？,上海市城乡建设和交通委员会关于印发《可直接发包产业项目的直接发包手续与建设工程合同备案手续合并办理的办事指南》的通知,1,1
在水运工程建设项目招标投标中，是否允许地区或部门限制参与？,水运工程建设项目招标投标管理办法,1,1
企业增资在完成决策批准程序后，需要进行哪些后续工作？,企业国有资产交易监督管理办法,1,2
如果在资格预审申请文件截止时间前不足3天需要修改资格预审文件，应该怎么处理？,政府采购货物和服务招标投标管理办法,1,1
在处理政府采购投诉时，哪些情况下的时间不计入投诉处理期限？,政府采购质疑和投诉办法,1,1
采用公开招标方式时，招标公告应当在哪里发布？,工程建设项目施工招标投标办法,1,4
在政府采购投诉处理中，第三方检验、检测、鉴定费用由谁承担？,政府采购质疑和投诉办法,1,1
如果某物品被法律明确禁止买卖，是否可以作为拍卖标的进行拍卖？,中华人民共和国拍卖法,1,1
招标文件中必须包含哪些内容？实质性要求和条件应如何标明？,工程建设项目施工招标投标办法,1,7
申请采用竞争性谈判采购方式时，需要提交哪些额外的申请材料？,政府采购非招标采购方式管理办法,1,1
供应商在提出质疑时，质疑函需要包含哪些内容？,政府采购质疑和投诉办法,1,1
财政部门出具的投诉处理决定书包括哪些内容？,政府采购质疑和投诉办法,1,1
国有资金占主导地位的工程项目进行邀请招标时，需要经过哪些部门的批准？,工程建设项目施工招标投标办法,1,6
水运工程建设项目必须在哪些场所进行招标投标活动？,水运工程建设项目招标投标管理办法,1,1
市交易中心对信用记分一般的专家进行工作提示时，会采用哪些方式？,【综合采购】上海市公共资源交易中心评标（评审）专家信用记分评估标准（试行）,1,1
国有资产转让是否必须通过公开竞价方式进行？,中华人民共和国企业国有资产法,1,1
在进行金融企业国有资产转让前，需要满足什么条件？,金融企业国有资产转让管理办法,1,1
中标人违反合同约定，采购人应如何处理？,政府采购货物和服务招标投标管理办法,1,1
国资监管机构在批准非公开协议方式的企业产权转让时，需要审核哪些文件？,企业国有资产交易监督管理办法,1,1
农业法的主要目标是什么？,中华人民共和国农业法,1,1
询价采购需求中的技术和服务要求应满足哪些条件？,政府采购非招标采购方式管理办法,1,2
增资人在确定最终投资人时，可以选择哪些方式？,【产权交易】企业增资业务规则（试行）,1,2
在评标过程中，评标委员会是否可以根据实际情况调整招标文件中规定的评标标准和方法？,工程建设项目施工招标投标办法,0,
招标拍卖挂牌活动结束后，出让结果需要多久公布？,招标拍卖挂牌出让国有建设用地使用权规定,1,5
单一来源采购公示需要包含哪些具体内容？,财政部关于做好政府采购信息公开工作的通知,1,4
在政府采购投诉中，如果投诉人没有提供相关证据，投诉会怎么处理？,政府采购质疑和投诉办法,1,1
政企尚未分开的单位在招投标过程中需要注意什么？,企业国有资产监督管理暂行条例,0,
招标文件规定的投标截止时间是上午10点，开标时间是否可以安排在下午2点？,房屋建筑和市政基础设施工程施工招标投标管理办法,1,2
公共资源交易平台在开展交易活动时，需要实现哪些环节的全流程电子化？,上海市公共资源交易管理办法,0,
申请单位在办理完哪些手续后可以取得交易所会员资格？,【碳排放权】上海环境能源交易所碳排放交易会员管理办法（试行）,1,2
电子招标投标交易平台在信息分类和编码方面有何要求？,电子招标投标办法,1,1
招标公告在不同媒介发布内容不一致，会有什么后果？,招标公告和公示信息发布管理办法,1,1
招标人是否必须对投标申请人进行资格预审？,房屋建筑和市政基础设施工程施工招标投标管理办法,0,
本市如何管理公共资源交易中的评标评审专家？,上海市公共资源交易管理办法,1,3
中标结果确定后，多久内需要公告？公告期限是多久？,财政部关于做好政府采购信息公开工作的通知,0,
电子招标投标交易平台需要公布哪些主要信息？,电子招标投标办法,1,1
招标文件要求提交履约担保，中标人是否必须提交？招标人需要提供什么担保？,房屋建筑和市政基础设施工程施工招标投标管理办法,1,1
采购人在收到评审报告后，应在多长时间内确定成交供应商？如果逾期未确定会有什么后果？,财政部关于印发《政府采购竞争性磋商采购方式管理暂行办法》的通知,1,1
商品房预购人在接到房屋建设工程转让通知后，多久内可以要求解除预售合同？,上海市房地产转让办法,1,1
政府采购内部控制管理的主要目标是什么？,财政部关于加强政府采购活动内部控制管理的指导意见,1,1
如果某个工程项目符合招标范围和规模标准，但项目被拆分成多个小项目进行，这样可以规避招标吗？,工程建设项目货物招标投标办法,1,2
行政事业单位在出租出借国有资产时，需要遵循哪些规定？,财政部关于进一步规范和加强行政事业单位国有资产管理的指导意见,1,1
新建房屋转让后，转让人需要承担多长时间的保修责任？,上海市房地产转让办法,1,1
在招投标评审中，如何调查和评估投标公司的财务体系情况？,【产权交易】企业增资业务受托机构工作指引（试行）,0,
供应商对质疑答复不满意，应在多久内向财政部门提起投诉？,政府采购质疑和投诉办法,1,1
如果会员资格被终止，该会员对其从业人员的授权会如何处理？,【碳排放权】上海环境能源交易所碳排放交易会员管理办法（试行）,1,1
招标人在设有最高投标限价时，需要公布哪些具体费用信息？,建筑工程施工发包与承包计价管理办法,1,1
水运工程建设项目招标投标活动的监督管理由哪个部门负责？,水运工程建设项目招标投标管理办法,1,1
办理监理直接发包和合同备案手续时需要携带哪些材料？,上海市城乡建设和交通委员会关于印发《可直接发包产业项目的直接发包手续与建设工程合同备案手续合并办理的办事指南》的通知,1,1
政府采购项目验收时，需要遵循哪些标准？,中华人民共和国政府采购法实施条例,1,5
在国有资产管理中，政府的社会公共管理职能与国有资产出资人职能是否应当分开？,企业国有资产监督管理暂行条例,1,1
对于技术规格难以精确拟定的货物，招标人可以采取什么样的招标程序？,工程建设项目货物招标投标办法,1,1
评标专家在哪些情况下会被取消评标资格？,评标专家和评标专家库管理暂行办法,1,3
中标候选人和中标结果是否必须在电子招标投标交易平台上公示和公布？,电子招标投标办法,1,2
事业单位能否利用财政资金购买股票或进行其他金融风险投资？,财政部关于进一步规范和加强行政事业单位国有资产管理的指导意见,1,1
成片开发国有土地使用权转让需要满足哪些条件？,上海市房地产转让办法,1,1
评标专家需要接受年度考核吗？,评标专家和评标专家库管理暂行办法,1,3
如果发现招标公告和公示信息发布活动中存在违法违规行为，应该向哪些部门投诉或举报？,招标公告和公示信息发布管理办法,1,1
如果中标无效，后续的处理流程是怎样的？,工程建设项目施工招标投标办法,1,3
采购代理机构能否在其代理的采购项目中投标或提供投标咨询？,政府采购货物和服务招标投标管理办法,1,1
招标人在组织工程施工招标时，有哪些行为是被禁止的？,房屋建筑和市政基础设施工程施工招标投标管理办法,1,2
联合体参与政府采购活动时，如何处理成员的信用记录查询？,财政部关于在政府采购活动中查询及使用信用记录有关问题的通知,1,1
国资监管机构在批准非公开协议方式的企业增资行为时，需要审核哪些文件？,企业国有资产交易监督管理办法,1,1
产权交易机构在哪些情况下会被国资监管机构进行处罚或停止委托业务？,企业国有资产交易监督管理办法,1,1
采购过程中，采购人能否通过检测样品或考察供应商来改变评审结果？,财政部关于印发《政府采购竞争性磋商采购方式管理暂行办法》的通知,0,
采购人如何确保政府采购工作的有效执行和内部协调？,财政部关于加强政府采购活动内部控制管理的指导意见,1,1
企业产权转让中，交易价款的支付方式有哪些规定？,企业国有资产交易监督管理办法,1,2
招标公告和公示信息应当在哪些平台发布？,招标公告和公示信息发布管理办法,1,1
政府采购项目中，公开招标和邀请招标的主要区别是什么？,政府采购货物和服务招标投标管理办法,1,2
申请采用非招标采购方式时，采购人需要向财政部门提交哪些材料？,政府采购非招标采购方式管理办法,1,1
采购人和相关机构如何有效识别和管理政府采购中的风险事项？,财政部关于加强政府采购活动内部控制管理的指导意见,1,1
建设管理部门在大型居住社区项目工程建设安全质量监督中，如何处理发现的重大安全质量问题？,上海市城乡建设和交通委员会关于印发《关于加强本市大型居住社区工程建设服务和管理工作的若干意见》的通知,1,1
一个大型基础设施项目不属于第二条和第三条规定的情形，是否需要招标？,必须招标的工程项目规定,1,2
哪些单位在使用财政性资金采购进口产品时需要遵守《政府采购进口产品管理办法》？,财政部关于印发《政府采购进口产品管理办法》的通知,1,1
受托机构在进行增资人公司治理情况调查时，需要查阅哪些文件和资料？,【产权交易】企业增资业务受托机构工作指引（试行）,1,1
国有资金占主导地位的水运工程项目在什么情况下可以进行邀请招标？,水运工程建设项目招标投标管理办法,1,1
全部使用国有资金投资的工程建设项目采用邀请招标时，需要经过哪些部门的批准？,工程建设项目施工招标投标办法,1,4
交易中心的服务清单是由哪个部门负责制定的？,上海市公共资源交易管理办法,1,1
政务信息系统验收时，是否需要考虑公众意见和使用反馈？,财政部关于印发《政务信息系统政府采购管理暂行办法》的通知,1,1
区域性股权市场可以与哪些机构建立合作机制？,区域性股权市场监督管理试行办法,1,1
国家出资企业进行增资时，如果导致国家失去控股权，需要经过哪些批准程序？,企业国有资产交易监督管理办法,1,1
在什么情况下，产权交易机构需要为交易双方出具交易凭证？,企业国有资产交易监督管理办法,0,
企业在制定增资方案时需要明确哪些内容？,企业国有资产交易监督管理办法,1,3
评标委员会的组成人员中，招标人代表和技术经济专家的比例有何具体要求？,房屋建筑和市政基础设施工程施工招标投标管理办法,0,
招标代理机构能否参与其所代理的招标项目的投标或为投标人提供咨询？,工程建设项目施工招标投标办法,1,2
如果纳入配额管理的单位未履行配额清缴义务，会受到哪些处罚？,上海市碳排放管理试行办法,1,1
综合类会员需要保存与交易所相关的资料及交易记录多长时间？,【碳排放权】上海环境能源交易所碳排放交易会员管理办法（试行）,1,2
哪些情况下，依法必须进行施工招标的工程项目可以不进行招标？,工程建设项目施工招标投标办法,1,2
投标人在投标截止时间前撤回投标文件，投标保证金何时退还？,政府采购货物和服务招标投标管理办法,0,
房屋分层、分套转让时，土地使用权如何处理？,上海市房地产转让办法,1,3
如果招标文件中规定的期限最后一日是法定节假日，该如何计算期限？,政府采购货物和服务招标投标管理办法,1,1
投标文件提交后，采购人或者采购代理机构需要做哪些记录和操作？,政府采购货物和服务招标投标管理办法,1,4
区域性股权市场的运营机构在什么时间内需要向地方金融监管部门和中国证监会派出机构报送相关信息？,区域性股权市场监督管理试行办法,1,1
碳排放配额交易可以采用哪些方式进行？,上海市碳排放管理试行办法,1,6
大型居住社区工程建设中，告知承诺制度的具体内容是什么？,上海市城乡建设和交通委员会关于印发《关于加强本市大型居住社区工程建设服务和管理工作的若干意见》的通知,1,1
财政部门处理政府采购投诉的法定期限是多久？,政府采购质疑和投诉办法,1,1
运营机构在完成证券发行和挂牌后，需要在多长时间内向地方金融监管部门和中国证监会派出机构备案？,区域性股权市场监督管理试行办法,1,1
拍卖标的瑕疵未声明导致买受人受损，买受人该如何维权？,中华人民共和国拍卖法,1,1
采购人在申请支付进口产品采购资金时，需要提供哪些文件？,财政部关于印发《政府采购进口产品管理办法》的通知,1,1
招标代理机构泄露保密信息或与招标人、投标人串通，会受到哪些处罚？,工程建设项目施工招标投标办法,1,2
谈判文件发出后，供应商提交首次响应文件的截止时间最少需要多少个工作日？,政府采购非招标采购方式管理办法,1,1
如果我已经对某个招投标项目提出过投诉，但结果不满意，我可以基于相同的事实和理由再次投诉吗？,工程建设项目招标投标活动投诉处理办法,1,1
投资者在区域性股权市场内买卖证券的资金，应当存放在哪些机构？,区域性股权市场监督管理试行办法,1,1
在公共资源交易中，哪些主体需要通过数字身份认证？,上海市公共资源交易管理办法,1,1
在政府购买服务项目中，购买主体能否根据项目特点设定承接主体的特定条件？,政府购买服务管理办法,1,1
在招标投标活动中，是否可以设置注册登记或投标报名等前置条件来限制潜在投标人下载资格预审文件或招标文件？,电子招标投标办法,1,1
上海联合产权交易所有限公司接待时间是什么？,【产权交易】上海联合产权交易所有限公司业务咨询接待服务规定（沪联产交〔2019〕49号）,1,1
采购人在编报和执行政府采购预算及实施计划时，需要关注哪些方面以确保采购活动的有序进行？,财政部关于加强政府采购活动内部控制管理的指导意见,1,1
国有资产监督管理机构在国有控股和参股公司中如何行使权力？,企业国有资产监督管理暂行条例,1,1
小型企业提供中型企业制造的货物，在政府采购中会被如何认定？,财政部、工业和信息化部关于印发《政府采购促进中小企业发展暂行办法》的通知,1,1
在政务信息系统采购评审中，如果某供应商报价明显低于其他供应商，评标委员会应如何处理？,财政部关于印发《政务信息系统政府采购管理暂行办法》的通知,1,1
办理施工直接发包和合同备案手续需要携带哪些材料？,上海市城乡建设和交通委员会关于印发《可直接发包产业项目的直接发包手续与建设工程合同备案手续合并办理的办事指南》的通知,1,1
市发展改革部门在建立公共资源交易整合共享工作考核评价机制时，需要考核哪些方面的内容？,上海市公共资源交易管理办法,1,1
如果我在招投标过程中需要投诉，是否可以委托他人代为办理？如果可以，需要提供哪些文件？,工程建设项目招标投标活动投诉处理办法,1,1
在政府采购招标投标活动中，采购人需要落实哪些具体的政府采购政策？,政府采购货物和服务招标投标管理办法,1,2
境外投资者作为受让方参与企业产权转让时，需要满足哪些额外要求？,企业国有资产交易监督管理办法,0,
如果联合体中，小型、微型企业的合同金额占比超过30%，能否享受价格扣除优惠？,财政部、工业和信息化部关于印发《政府采购促进中小企业发展暂行办法》的通知,1,1
在综合评分法中，评审因素是否可以包括投标人的资格条件？,政府采购货物和服务招标投标管理办法,1,1
拍卖行业协会的性质和作用是什么？,中华人民共和国拍卖法,1,3
在使用综合评分法评标时，如果两家投标单位的得分相同，如何确定排名顺序？,政府采购货物和服务招标投标管理办法,1,1
在哪些情况下，评标委员会可以要求投标人提供书面说明和相关材料？,房屋建筑和市政基础设施工程施工招标投标管理办法,1,1
在进行投资价值分析时，增资背景分析需要包含哪些主要内容？,【产权交易】企业增资业务受托机构工作指引（试行）,1,1
如何对国有资产管理的绩效进行科学评价？,财政部关于进一步规范和加强行政事业单位国有资产管理的指导意见,1,1
受托机构在调查增资人公司治理情况时，如何评估其法人治理机制？,【产权交易】企业增资业务受托机构工作指引（试行）,1,1
财政部门在收到投诉后，需要在多长时间内对投诉事项作出处理决定？,政府采购质疑和投诉办法,1,1
电子招标投标交易平台运营机构应采取哪些技术措施保障平台安全？,电子招标投标办法,1,1
行政事业单位在国有资产配置、使用、处置等事项上需要经过哪些审批程序？,财政部关于进一步规范和加强行政事业单位国有资产管理的指导意见,1,3
上海市公共资源拍卖中心的组建主体是谁？,上海市拍卖行业协会关于成立上海市公共资源拍卖中心的请示报告,1,1
如果转让标的权属不清或标的企业存在隐匿资产情况，是否可以申请中止产权交易？,【产权交易】上海联合产权交易所有限公司交易中止和终结操作细则（沪联产交〔2018〕50号）,1,1
在行政事业单位资产管理中，各级财政部门、主管部门和行政事业单位的具体职责是什么？,财政部关于进一步规范和加强行政事业单位国有资产管理的指导意见,1,2
财政部门工作人员在政府采购监督管理中违法，会受到哪些处罚？,政府采购非招标采购方式管理办法,0,
如果本市公共资源交易综合专家库中没有合适的评标评审专家，可以从其他地方抽取专家吗？,上海市公共资源交易管理办法,0,
大型居住社区的安全质量监督申报手续如何办理？,上海市城乡建设和交通委员会关于印发《关于加强本市大型居住社区工程建设服务和管理工作的若干意见》的通知,1,1
上海市公共资源交易中，哪些主体需要通过电子证照或数字证书进行统一数字身份认证？,上海市公共资源交易管理办法,1,1
评标委员会在评标过程中发现违法行为时，应该向哪些部门报告？,政府采购货物和服务招标投标管理办法,1,1
在处理我的投诉时，行政监督部门的工作人员在什么情况下需要回避？,工程建设项目招标投标活动投诉处理办法,1,1
建筑工程合同中，预付工程款的具体事宜应如何约定？,建筑工程施工发包与承包计价管理办法,1,1
如果中标人提出分包要求，但项目不具备分包条件，招标人该如何处理？,工程建设项目施工招标投标办法,1,7
开标结束后，如果合格投标人不足3家，能否进行评标？,政府采购货物和服务招标投标管理办法,1,1
按照《【综合采购】上海市公共资源交易中心隔夜评标操作指引》规定，上海进入隔夜评标区域前，进场人员需要完成哪些手续？,【综合采购】上海市公共资源交易中心隔夜评标操作指引,1,1
向境外投资者转让国有资产需要遵守哪些特别规定？,中华人民共和国企业国有资产法,1,1
产权交易中止后，什么情况下会恢复交易？,【产权交易】上海联合产权交易所有限公司交易中止和终结操作细则（沪联产交〔2018〕50号）,1,1
采取非公开协议转让方式时，转让价格的确定有何规定？,企业国有资产交易监督管理办法,1,2
建设单位在初步设计审报阶段可以进行哪些招投标相关工作？,上海市城乡建设和交通委员会关于印发《关于加强本市大型居住社区工程建设服务和管理工作的若干意见》的通知,0,
在招投标过程中，如何核实和评价投标公司管理层的诚信情况？,【产权交易】企业增资业务受托机构工作指引（试行）,0,
建筑市场信用信息分为哪几类？,上海市住房城乡建设管理委、上海市水务局、上海市绿化市容局关于印发《上海市建筑市场信用信息管理办法》的通知,1,1
发布媒介违法收取费用发布招标公告，会受到什么处罚？,招标公告和公示信息发布管理办法,1,1
采购人能否与政务信息系统运行维护供应商签订超过三年的政府采购合同？,财政部关于印发《政务信息系统政府采购管理暂行办法》的通知,1,1
拍卖企业经营文物拍卖业务时，注册资本有何特殊要求？,中华人民共和国拍卖法,1,1
招标人如果设置不合理条件限制潜在投标人，会受到什么处罚？,工程建设项目施工招标投标办法,1,6
施工直接发包和合同备案手续办理需要满足哪些条件？,上海市城乡建设和交通委员会关于印发《可直接发包产业项目的直接发包手续与建设工程合同备案手续合并办理的办事指南》的通知,1,1
哪些项目适合采用竞争性磋商方式进行采购？,财政部关于印发《政府采购竞争性磋商采购方式管理暂行办法》的通知,1,1
评标委员会成员收受投标人财物会有什么后果？,评标专家和评标专家库管理暂行办法,1,1
拍卖结束后，拍卖人需要做哪些归档和报告工作？,上海市商务委员会等七部门关于印发《上海市公共资源拍卖管理办法》的通知,0,
采购人在组织政务信息系统项目验收时，需要遵循哪些规定？,财政部关于印发《政务信息系统政府采购管理暂行办法》的通知,1,1
交易所的自营类会员资格可以转让吗？,【碳排放权】上海环境能源交易所碳排放交易会员管理办法（试行）,1,2
中小企业在政府采购中提供的货物是否可以使用大型企业的注册商标？,财政部、工业和信息化部关于印发《政府采购促进中小企业发展暂行办法》的通知,1,1
历史排放法和基准线法在确定碳排放配额时有何区别？,上海市碳排放管理试行办法,1,1
采购人在与供应商交往过程中有哪些禁止行为？,政府采购货物和服务招标投标管理办法,1,7
受托机构如何调查和核实增资人的股权结构及其合法性？,【产权交易】企业增资业务受托机构工作指引（试行）,1,1
公共资源拍卖平台需要向监管部门报告哪些内容？,上海市商务委员会等七部门关于印发《上海市公共资源拍卖管理办法》的通知,1,1
评审报告需要包含哪些主要内容？,政府采购非招标采购方式管理办法,1,2
行政事业单位在处置国有资产时，应遵循哪些规范？,财政部关于进一步规范和加强行政事业单位国有资产管理的指导意见,1,1
财政部门、主管部门和行政事业单位在对所属企业进行监督管理时，需要关注哪些方面？,财政部关于进一步规范和加强行政事业单位国有资产管理的指导意见,1,1
拍卖企业在拍卖前违规进行公告或展示，会受到哪些具体处罚？,拍卖管理办法,1,1
在确定建筑工程合同价款时，哪些因素需要考虑？,建筑工程施工发包与承包计价管理办法,1,2
磋商小组成员在进行评审时需要遵循哪些原则？,财政部关于印发《政府采购竞争性磋商采购方式管理暂行办法》的通知,1,1
使用银行保函提交投标保证金时，对申请人和保证人有什么要求？,投标保证金提交与退还操作须知,1,1
竞争性谈判小组或询价小组的组成有何具体要求？,政府采购非招标采购方式管理办法,1,1
招标投标交易场所的监管机构在电子招标投标工作中的职责是什么？,电子招标投标办法,1,1
财政部门如何完善行政事业单位的资产管理制度？,财政部关于进一步规范和加强行政事业单位国有资产管理的指导意见,1,1
如果转让当事人申报的转让价格明显低于市场价格，税费应如何计算？,上海市房地产转让办法,1,1
造价工程师在编制文件时提供虚假信息，会面临哪些处罚？,建筑工程施工发包与承包计价管理办法,1,1
财政部门工作人员在处理投诉时违规，会受到什么处罚？,政府采购质疑和投诉办法,1,1
事业单位在进行非货币性资产对外投资时，需要履行哪些程序？,财政部关于进一步规范和加强行政事业单位国有资产管理的指导意见,1,1
大型或复杂项目的验收过程中，是否必须邀请国家认可的质量检测机构参加？,政府采购非招标采购方式管理办法,0,
哪些情况下房地产不得进行转让？,上海市房地产转让办法,1,1
如何确定国有资产转让的最低价格？,中华人民共和国企业国有资产法,1,1
投资者在决定参与碳排放交易前需要进行哪些方面的评估？,【碳排放权】上海环境能源交易所碳排放交易机构投资者适当性制度实施办法（试行）,1,2
在地方金融监管部门和中国证监会派出机构进行检查或调查时，被检查单位和个人有哪些义务？,区域性股权市场监督管理试行办法,0,
电子开标的具体时间和方式是如何确定的？,上海市公共资源交易管理办法,0,
拍卖人需要保管相关业务资料多长时间？,中华人民共和国拍卖法,1,5
国资监管机构在企业国有资产交易中具体承担哪些监管职责？,企业国有资产交易监督管理办法,1,2
如果投标截止后只有两家供应商投标，是否可以进行开标？,政府采购货物和服务招标投标管理办法,1,1
招标投标时，信息发布媒介是否可以收取费用来发布依法必须招标项目的招标公告和公示信息？,招标公告和公示信息发布管理办法,1,1
在政府采购进口产品合同履行过程中，如果发现合同内容危害国家利益和社会公共利益，采购人应该如何处理？,财政部关于印发《政府采购进口产品管理办法》的通知,1,1
申请人能否直接向联交所提出终结交易的申请？,【产权交易】上海联合产权交易所有限公司交易中止和终结操作细则（沪联产交〔2018〕50号）,1,1
如果交易主体认为交易过程中存在侵权行为，应如何进行投诉？,上海市公共资源交易管理办法,0,
本市碳排放交易制度的交易标的是什么？是否鼓励创新相关产品？,上海市碳排放管理试行办法,1,5
行政事业单位在配合财政部门监督检查时，需要做哪些具体工作？,财政部关于进一步规范和加强行政事业单位国有资产管理的指导意见,1,3
竞争性谈判公告、竞争性磋商公告和询价公告中需要包含哪些关键信息？,财政部关于做好政府采购信息公开工作的通知,1,2
出让人在发布招标、拍卖或挂牌公告时，需要提前多久进行公告？,招标拍卖挂牌出让国有建设用地使用权规定,1,6
市发展改革部门收到第三方机构的核查报告后，多久内会审定年度碳排放量？,上海市碳排放管理试行办法,1,1
委托人在拍卖开始前是否可以撤回拍卖标的？,中华人民共和国拍卖法,1,1
房地产转让可以采取哪些具体方式？,上海市房地产转让办法,1,1
哪些企业的国有资产监督管理适用于企业国有资产监督管理暂行条例？,企业国有资产监督管理暂行条例,1,1
如果磋商文件内容违反国家强制性规定，磋商小组应该怎么处理？,财政部关于印发《政府采购竞争性磋商采购方式管理暂行办法》的通知,1,1
当前政府采购活动内部控制制度存在哪些主要问题？,财政部关于加强政府采购活动内部控制管理的指导意见,1,1
在电子招标投标过程中，如果纸质文件和数据电文内容不一致，应以哪个为准？,电子招标投标办法,1,1
供应商在哪些情况下会被财政部门处罚并记录在诚信档案中？,上海市财政局关于印发《上海市政府采购供应商登记及诚信管理办法》的通知(2017),1,1
如果招标人与中标人签订的合同与招标文件不一致，会有什么后果？,工程建设项目施工招标投标办法,1,3
如果未中标，投标保证金多久能退还？,招标拍卖挂牌出让国有建设用地使用权规定,0,
哪些部门负责确定和调整纳入配额管理的行业范围及排放单位的碳排放规模？,上海市碳排放管理试行办法,1,1
投诉人在提交投诉时需要提供哪些材料？,政府采购质疑和投诉办法,1,1
如果招标文件需要修改，应该如何通知潜在供应商？,财政部关于做好政府采购信息公开工作的通知,0,
上海市公共资源交易中心中介机构信用记分在70到80分之间，评估结果和标注颜色是怎样的？,【综合采购】上海市公共资源交易中心中介机构和中介机构从业人员信用记分评估标准（试行）,1,1
在什么情况下，采购项目可以采用竞争性谈判方式？,政府采购非招标采购方式管理办法,1,1
如果公开招标的货物或服务采购项目只有两家供应商实质性响应，可以如何处理？,政府采购非招标采购方式管理办法,1,1
房地产转让合同在什么情况下会延迟生效？,上海市房地产转让办法,1,1
投标人在截止时间前是否可以修改已提交的投标文件？,政府采购货物和服务招标投标管理办法,1,2
如果成交供应商拒绝签订政府采购合同，采购人应该如何处理？,财政部关于印发《政府采购竞争性磋商采购方式管理暂行办法》的通知,1,6
上海市公共资源交易综合专家库的管理办法由哪个部门制定？,上海市公共资源交易管理办法,1,2
主管部门在行政事业单位国有资产管理的职责是什么？,财政部关于进一步规范和加强行政事业单位国有资产管理的指导意见,1,3
政府购买服务合同的履行期限一般有多长？在什么情况下可以延长至3年？,政府购买服务管理办法,1,1
企业在进行国有资产交易时，哪些行为属于企业国有资产交易行为？,企业国有资产交易监督管理办法,1,1
本市在支持碳排放管理相关能力建设活动方面有哪些财政措施？,上海市碳排放管理试行办法,1,3
尽职调查工作底稿可以以哪些形式保存？,【产权交易】企业增资业务受托机构工作指引（试行）,1,1
在招投标项目中，访谈笔录需要哪些人签字确认？,【产权交易】企业增资业务受托机构工作指引（试行）,0,
全国和地方工程施工招标投标活动的监督管理分别由哪些部门负责？,房屋建筑和市政基础设施工程施工招标投标管理办法,1,1
投标报价有哪些限制条件？,建筑工程施工发包与承包计价管理办法,1,1
评标小组的组成和人数有何具体要求？,招标拍卖挂牌出让国有建设用地使用权规定,0,
碳排放交易规则由谁制订，并且需要经过哪些程序才能公布？,上海市碳排放管理试行办法,1,5
供应商、采购代理机构和评审专家的违法失信行为信息月度记录最晚何时需要公告？,财政部关于做好政府采购信息公开工作的通知,1,1
哪些情况下投标会被认定为无效？,政府采购货物和服务招标投标管理办法,1,1
国有资产交易的监督管理职责是如何划分的？,企业国有资产交易监督管理办法,1,3
谈判结束后，提交最后报价的供应商数量有何要求？,政府采购非招标采购方式管理办法,1,1
在进行国有建设用地使用权的招标、拍卖或挂牌出让时，需要遵循哪些基本原则？,招标拍卖挂牌出让国有建设用地使用权规定,1,1
建筑工程合同中，哪些情况下需要约定合同价款的调整方法？,建筑工程施工发包与承包计价管理办法,1,3
如果在法定质疑期内提交了质疑函，采购人或者采购代理机构多久内必须给予答复？,政府采购质疑和投诉办法,1,1
询价采购中，从发出询价通知书到供应商提交响应文件的期限是多久？,政府采购非招标采购方式管理办法,1,1
如果供应商未在上海政府采购网登记，能否参与政府采购活动？,上海市财政局关于印发《上海市政府采购供应商登记及诚信管理办法》的通知(2017),1,1
办理房地产过户手续时，需要提交哪些文件？,上海市房地产转让办法,1,1
公共基础设施、政府储备资产、自然资源资产是否需要纳入经管资产管理范畴？,财政部关于进一步规范和加强行政事业单位国有资产管理的指导意见,1,1
政府采购活动中，供应商如何保障自己的合法权益？,政府采购质疑和投诉办法,1,2
拍卖机构在拍卖中心需要履行哪些业务活动？,上海市拍卖行业协会关于成立上海市公共资源拍卖中心的请示报告,1,1
中标结果公布后，还需要再次公告之前的采购文件吗？,财政部关于做好政府采购信息公开工作的通知,1,3
可以使用经过背书转让的支票提交投标保证金吗？,投标保证金提交与退还操作须知,1,1
如果中标人提供虚假文件，会有什么后果？,招标拍卖挂牌出让国有建设用地使用权规定,1,1
哪些设施属于碳排放管理中的“排放设施”？,上海市碳排放管理试行办法,1,1
隔夜评标结束后，上海市交易中心是否提供封标服务？,【综合采购】上海市公共资源交易中心隔夜评标操作指引,1,2
在招投标过程中，如果发现相关管理人员有玩忽职守、滥用职权等行为，应如何处理？,上海市房地产转让办法,0,
发起方和代理机构如何预约交易场所进行开标、评标评审等活动？,上海市公共资源交易管理办法,0,
挂牌出让的最低挂牌时间是多久？在挂牌期间能否调整增价幅度？,招标拍卖挂牌出让国有建设用地使用权规定,1,2
行政事业单位资产管理面临的主要挑战是什么？,财政部关于进一步规范和加强行政事业单位国有资产管理的指导意见,1,1
招标人或其委托的招标代理机构在选择第三方运营的电子招标投标交易平台时，需要履行哪些手续？,电子招标投标办法,1,1
如果一家公司在12个月内多次投诉但查无实据，会有什么后果？,政府采购质疑和投诉办法,1,1
询价采购中，供应商提交响应文件的截止时间最少需要提前多少天通知？,政府采购非招标采购方式管理办法,1,1
预算金额在500万元以上的地方采购项目信息如何进行公开？,财政部关于做好政府采购信息公开工作的通知,1,1
在进行政府采购活动时，采购人需要查询哪些渠道来获取供应商的信用记录？,财政部关于在政府采购活动中查询及使用信用记录有关问题的通知,1,1
在哪些情况下，询价采购活动需要终止并重新开展？,政府采购非招标采购方式管理办法,1,1
工程招标代理机构与招标人是否必须签订书面委托合同？代理费的收取标准如何确定？,工程建设项目施工招标投标办法,1,1
成交供应商未按采购文件签订合同会有什么后果？,政府采购非招标采购方式管理办法,1,1
入选评标专家库的专家需要满足哪些条件？,评标专家和评标专家库管理暂行办法,1,1
在金融企业国有资产转让过程中，哪些情况下财政部门可以要求中止或终止资产转让活动？,金融企业国有资产转让管理办法,1,1
电子招标投标活动在法律效力上与纸质形式的招标投标活动有何区别？,电子招标投标办法,1,1
中标结果公告的时限和要求是什么？,政府采购货物和服务招标投标管理办法,1,1
国有土地上房屋转让需要满足哪些条件？,上海市房地产转让办法,1,1
供应商在登记入库时提供的信息需要承担哪些责任？,上海市财政局关于印发《上海市政府采购供应商登记及诚信管理办法》的通知(2017),1,1
大型居住社区工程建设中，如何获取相关咨询服务和支持？,上海市城乡建设和交通委员会关于印发《关于加强本市大型居住社区工程建设服务和管理工作的若干意见》的通知,1,1
商品房预售需要满足哪些条件？,上海市房地产转让办法,1,1
行政监督部门在受理我的投诉后，会采取哪些措施进行调查？对于复杂的投诉事项，他们会如何处理？,工程建设项目招标投标活动投诉处理办法,1,1
在招投标过程中，如果对供应商进行行政处罚，需要遵循哪些程序？,上海市房地产转让办法,0,
如果招标文件中英文版本和中文版本的条款不一致，应以哪个版本为准？,房屋建筑和市政基础设施工程施工招标投标管理办法,1,2
政府和社会资本合作项目采用竞争性磋商采购方式时，是否需要遵循特别规定？,财政部关于印发《政府采购竞争性磋商采购方式管理暂行办法》的通知,1,2
依法必须招标的工程建设项目在进行货物招标前需要满足哪些条件？,工程建设项目货物招标投标办法,1,1
供应商在截止时间前可以对已提交的询价响应文件进行修改吗？,政府采购非招标采购方式管理办法,1,1
政府采购合同已经签订但还没履行，如果需要撤销合同，后续应该怎么操作？,中华人民共和国政府采购法实施条例,1,1
磋商小组在进行磋商时，是否需要确保每个供应商都有平等的磋商机会？,财政部关于印发《政府采购竞争性磋商采购方式管理暂行办法》的通知,1,1
在进行工程施工招标前，需要满足哪些基本条件？,房屋建筑和市政基础设施工程施工招标投标管理办法,1,4
在政府采购过程中，如果发现采购人员与供应商存在利害关系，应当如何处理？,财政部关于加强政府采购活动内部控制管理的指导意见,0,
编制资格预审文件时，采购人应当考虑哪些因素？,政府采购货物和服务招标投标管理办法,1,1
竞争性磋商公告中必须包含哪些主要内容？,财政部关于印发《政府采购竞争性磋商采购方式管理暂行办法》的通知,1,1
如果在政府采购过程中发现违法行为且影响成交结果，应如何处理？,政府采购非招标采购方式管理办法,1,1
邀请招标方式中，如何确定符合资格条件的供应商名单？,政府采购货物和服务招标投标管理办法,1,1
行政事业单位应如何加强资产使用管理？,财政部关于进一步规范和加强行政事业单位国有资产管理的指导意见,1,1
谈判文件发出后，供应商提交首次响应文件的最短时间是多少？在此期间能否对谈判文件进行澄清或修改？,政府采购非招标采购方式管理办法,1,1
如果水运工程建设项目未履行审批手续就进行招标，会受到什么处罚？,水运工程建设项目招标投标管理办法,1,1
在挂牌出让过程中，竞买人如何进行报价？,招标拍卖挂牌出让国有建设用地使用权规定,1,2
如果招标人无正当理由不与中标人签订合同，中标人能否获得赔偿？,房屋建筑和市政基础设施工程施工招标投标管理办法,0,
在企业国有资产交易过程中，交易双方发生争议时应如何解决？,企业国有资产交易监督管理办法,1,1
已出租的房地产转让后，原租赁合同如何处理？,上海市房地产转让办法,1,2
在招标拍卖挂牌出让公告中，出让人是否可以设置一些特定的条件来筛选投标人？,招标拍卖挂牌出让国有建设用地使用权规定,1,1
采购人在确定采购项目属性时需要依据什么标准？,政府采购货物和服务招标投标管理办法,1,1
投标人如果在截止时间前撤回投标文件，投标保证金何时退还？,政府采购货物和服务招标投标管理办法,0,
会员如果违反了本办法规定，将会受到怎样的处理？,【碳排放权】上海环境能源交易所碳排放交易会员管理办法（试行）,1,2
发布媒介无正当理由延误招标公告发布时间，会受到什么处罚？,招标公告和公示信息发布管理办法,1,1
上海市的公共资源拍卖活动是否必须通过公共资源拍卖平台进行？,上海市商务委员会等七部门关于印发《上海市公共资源拍卖管理办法》的通知,1,1
如果采购代理机构未按规定退还投标保证金，会有什么法律后果？,政府采购货物和服务招标投标管理办法,1,7
哪些行为会被视为限制或排斥潜在投标人？,电子招标投标办法,0,
上海市公共资源交易中心评标（评审）专家信用记分在80分到95分之间时，评估结果是什么？,【综合采购】上海市公共资源交易中心评标（评审）专家信用记分评估标准（试行）,1,1
招标过程中，招标人能否在资格审查时增加未在招标文件中明确的资格条件？,工程建设项目施工招标投标办法,1,1
如果招标过程中存在违法行为，导致中标结果受到影响，中标人是否会被取消中标资格？,工程建设项目施工招标投标办法,1,5
在质疑答复和投诉处理过程中，哪些信息需要保密？,政府采购质疑和投诉办法,1,1
运营机构或区域性股权市场参与者违反规定时，地方金融监管部门可以采取哪些监督管理措施？,区域性股权市场监督管理试行办法,1,1
非专门面向中小企业的政府采购项目中，小型和微型企业产品的价格如何处理？,财政部、工业和信息化部关于印发《政府采购促进中小企业发展暂行办法》的通知,1,1
招标公告和公示信息发布后，市场主体和社会公众可以通过什么方式提出意见或反映情况？,招标公告和公示信息发布管理办法,1,1
如果拍卖标的存在未声明的瑕疵，请求赔偿的诉讼时效是多久？,中华人民共和国拍卖法,1,1
如果只产生一个符合条件的意向受让方，产权转让应如何进行？,金融企业国有资产转让管理办法,1,1
招标人对资格预审文件或招标文件进行澄清或修改时，应该如何通知潜在投标人？,电子招标投标办法,0,
询价采购中，询价小组如何确定成交候选人？,政府采购非招标采购方式管理办法,1,2
采购人与成交供应商应在成交通知书发出后多长时间内签订政府采购合同？,财政部关于印发《政府采购竞争性磋商采购方式管理暂行办法》的通知,1,9
上海市公共资源交易中心中介机构信用记分在80到95分之间，评估结果和标注颜色是什么？,【综合采购】上海市公共资源交易中心中介机构和中介机构从业人员信用记分评估标准（试行）,1,1
受让人在什么条件下可以申请办理土地登记并领取使用权证书？,招标拍卖挂牌出让国有建设用地使用权规定,0,
预售商品房交付时，因分摊共用部位或测量误差导致建筑面积增减，转让总价格会变化吗？,上海市房地产转让办法,1,1
在产权交易过程中，如果申请人未提出中止或终结申请，联交所能否自行决定中止或终结交易？,【产权交易】上海联合产权交易所有限公司交易中止和终结操作细则（沪联产交〔2018〕50号）,1,1
在碳排放配额管理中，基准线法是如何确定企业未来年度碳排放配额的？,上海市碳排放管理试行办法,1,1
如果我对行政监督部门的投诉处理决定不满意，有哪些法律途径可以救济？,工程建设项目招标投标活动投诉处理办法,1,1
如果需要取消上海市公共资源交易中心隔夜评标场地预约，应在何时提出申请？,【综合采购】上海市公共资源交易中心隔夜评标操作指引,1,1
在资格审查过程中，主要需要审查潜在投标人或投标人哪些方面的条件？,工程建设项目施工招标投标办法,1,1
在产权转让项目中，如果需要设置受让方资格条件，应当如何操作？,企业国有资产交易监督管理办法,1,4
如果评标委员会成员因故缺席，评标过程该如何继续？,政府采购货物和服务招标投标管理办法,1,2
如果国有资产监督管理机构违法干预所出资企业的生产经营活动，导致国有资产损失，会承担什么责任？,企业国有资产监督管理暂行条例,1,1
哪些类型的用地必须通过招标、拍卖或挂牌方式出让？,招标拍卖挂牌出让国有建设用地使用权规定,1,2
如果一个工程项目已经进行了总承包招标，但部分货物未包含在内，这些货物是否需要单独进行招标？,工程建设项目货物招标投标办法,1,1
采购人在委托代理机构进行采购时，需要特别注意哪些事项？,财政部关于加强政府采购活动内部控制管理的指导意见,1,3
在采用书面推荐方式选择供应商时，采购人推荐的供应商比例有何限制？,财政部关于印发《政府采购竞争性磋商采购方式管理暂行办法》的通知,0,
碳排放交易所在运营中若出现违规行为，会受到哪些处罚？,上海市碳排放管理试行办法,1,8
上海市房地产转让的行政主管部门是哪些？,上海市房地产转让办法,1,1
政府采购信息公开需要涵盖哪些内容？,财政部关于做好政府采购信息公开工作的通知,1,1
自然人能否参与上海市政府采购活动？是否需要登记入库？,上海市财政局关于印发《上海市政府采购供应商登记及诚信管理办法》的通知(2017),1,1
供应商在提交最后报价前退出磋商，其磋商保证金会如何处理？,财政部关于印发《政府采购竞争性磋商采购方式管理暂行办法》的通知,1,1
当产生多个意向受让方时，转让方应如何进行产权交易？,金融企业国有资产转让管理办法,1,1
哪些主体可以对公共资源交易活动进行监督？,上海市公共资源交易管理办法,0,
哪些主体可以参加国有建设用地使用权的招标拍卖挂牌出让活动？,招标拍卖挂牌出让国有建设用地使用权规定,1,1
采用邀请招标方式时，招标人需要向多少家施工企业发出投标邀请书？,房屋建筑和市政基础设施工程施工招标投标管理办法,1,2
投标人在提交投标保证金时需要注意哪些事项？,投标保证金提交与退还操作须知,1,1
国有独资企业未按规定向国有资产监督管理机构报告财务状况，会受到哪些处罚？,企业国有资产监督管理暂行条例,1,1
哪些资源属于上海市公共资源拍卖管理办法中定义的公共资源？,上海市商务委员会等七部门关于印发《上海市公共资源拍卖管理办法》的通知,1,1
承接主体是否可以将政府购买的服务项目转包给其他主体？,政府购买服务管理办法,1,1
在确定政务信息系统采购需求时，采购人需要依据哪些文件和实际需求？,财政部关于印发《政务信息系统政府采购管理暂行办法》的通知,1,1
招标人在发布招标公告后终止招标，是否需要退还投标保证金及利息？,工程建设项目施工招标投标办法,1,4
地方政府的国有资产监督管理机构能否自行制定招投标的实施办法？,企业国有资产监督管理暂行条例,1,3
第三方机构应在什么时间前提交碳排放核查报告？,上海市碳排放管理试行办法,1,1
如果一个项目使用了200万元人民币以上的预算资金，但该资金只占投资额的8%，是否需要招标？,必须招标的工程项目规定,1,1
资产转让项目的信息公告期如何确定？,企业国有资产交易监督管理办法,1,3
在综合评分法中，货物项目和服务项目的价格分值占总分值的比重分别是多少？,财政部关于印发《政府采购竞争性磋商采购方式管理暂行办法》的通知,1,1
在进行房屋建设工程转让时，转让人需要向受让人提供哪些文件？,上海市房地产转让办法,1,1
如果企业的年度碳排放量未达到规定规模，是否可以申请纳入配额管理？,上海市碳排放管理试行办法,1,1
中标人如何申请退还投标保证金？,投标保证金提交与退还操作须知,1,1
国有资产监督管理机构能否干预所出资企业的日常生产经营活动？,企业国有资产监督管理暂行条例,1,1
评标委员会在什么情况下可以否决所有投标？,房屋建筑和市政基础设施工程施工招标投标管理办法,1,8
供应商在登记申请前三年内有重大违法记录，会影响入库吗？,上海市财政局关于印发《上海市政府采购供应商登记及诚信管理办法》的通知(2017),1,1
拍卖新机动车时，需要查验哪些证照？,机动车拍卖规程,1,1
在投标截止时间前，采购人能否透露已获取招标文件的潜在投标人的信息？,政府采购货物和服务招标投标管理办法,1,1
财政部门在建立健全行政事业资产管理机构方面有哪些具体要求？,财政部关于进一步规范和加强行政事业单位国有资产管理的指导意见,1,1
联交所出具产权交易凭证后，如何进行交易结果的公告？,【产权交易】上海联合产权交易所有限公司企业国有产权转让出具交易凭证操作细则（沪联产交〔2018〕45号）,1,1
上海联合产权交易所有限公司客户业务咨询专线电话是什么？,【产权交易】上海联合产权交易所有限公司业务咨询接待服务规定（沪联产交〔2019〕49号）,1,1
办理登记结算业务的机构在处理投资者证券时有哪些具体要求？,区域性股权市场监督管理试行办法,1,1
采购人或者采购代理机构违反规定且情节严重，相关责任人会受到什么处罚？,政府采购非招标采购方式管理办法,1,1
联交所收到中止申请后，多久内会作出决定？,【产权交易】上海联合产权交易所有限公司交易中止和终结操作细则（沪联产交〔2018〕50号）,1,1
国家出资企业的产权转让需要经过哪些审核程序？,企业国有资产交易监督管理办法,1,1
采购文件中需要明确哪些关于信用信息查询的具体内容？,财政部关于在政府采购活动中查询及使用信用记录有关问题的通知,1,1
哪些公共资源交易事项可以列入交易目录？,上海市公共资源交易管理办法,1,1
在拍卖过程中，如果竞买人的最高应价未达到底价，主持人应如何处理？,招标拍卖挂牌出让国有建设用地使用权规定,1,1
邀请招标项目中，可以用什么材料替代“报名凭证”？,投标保证金提交与退还操作须知,0,
纳入配额管理的单位应在何时提交上一年度的碳排放报告？,上海市碳排放管理试行办法,1,1
如果转让方或增资企业违反相关规定或侵害国有权益，国资监管机构应采取什么措施？,企业国有资产交易监督管理办法,1,1
社会公众和市场主体是否需要付费才能注册登录电子招标投标公共服务平台？,电子招标投标办法,1,1
国家出资企业的董事、监事、高级管理人员在哪些行为会造成国有资产损失，需依法承担赔偿责任？,中华人民共和国企业国有资产法,1,1
在工程建设项目货物招标投标活动中，是否可以优先考虑本地供应商？,工程建设项目货物招标投标办法,1,1
拍卖成交后，委托人不协助办理证照变更和产权过户手续，导致损失，责任如何承担？,拍卖管理办法,1,1
在什么情况下，潜在投标人或投标人可以要求招标人或其招标代理机构对招标公告和公示信息进行澄清、改正、补充或调整？,招标公告和公示信息发布管理办法,1,1
如果房屋建设工程在转让前已经预售了商品房，预购人有哪些权利？,上海市房地产转让办法,1,1
评标委员会成员在评标过程中有哪些行为是被明确禁止的？,政府采购货物和服务招标投标管理办法,0,
如果投标文件中的投标函只盖了公司章，没有法定代表人印章，这份投标文件是否有效？,房屋建筑和市政基础设施工程施工招标投标管理办法,0,
如果两家投标单位的报价完全相同，如何确定中标候选人？,政府采购货物和服务招标投标管理办法,1,1
采购人或者采购代理机构在评审过程中能否对评审专家进行倾向性或误导性的解释？,财政部关于印发《政府采购竞争性磋商采购方式管理暂行办法》的通知,1,9
在上海市建设工程勘察项目中，网上填报的表格需要打印并盖章确认吗？,上海市城乡建设和交通委员会关于印发《可直接发包产业项目的直接发包手续与建设工程合同备案手续合并办理的办事指南》的通知,1,1
如果我在投诉中提供了虚假材料，行政监督部门会如何处理？,工程建设项目招标投标活动投诉处理办法,1,2
交易所在哪些情况下会被市发展改革部门处以罚款？,上海市碳排放管理试行办法,1,2
房地产买卖中，一方违反合同约定，除了支付违约金外，是否还需赔偿对方损失？,上海市房地产转让办法,1,1
在办理上海市建设工程勘察项目的直接发包和合同备案手续前，需要满足哪些条件？,上海市城乡建设和交通委员会关于印发《可直接发包产业项目的直接发包手续与建设工程合同备案手续合并办理的办事指南》的通知,1,1
在处理复杂的招投标投诉时，行政监督部门可以联合其他部门进行调查吗？,工程建设项目招标投标活动投诉处理办法,1,1
国有控股企业的产权转让决策过程中，国有股东委派的股东代表应如何行使权利？,企业国有资产交易监督管理办法,1,5
上海环境能源交易所是否鼓励金融机构参与碳排放交易？,【碳排放权】上海环境能源交易所碳排放交易会员管理办法（试行）,1,3
如果采购人在规定时间内未确定成交供应商且未提出异议，该如何处理？,政府采购非招标采购方式管理办法,1,2
房地产转让广告和样品房展示有哪些真实性要求？,上海市房地产转让办法,1,1
为什么各地区和各部门需要高度重视政府采购信息公开工作？,财政部关于做好政府采购信息公开工作的通知,1,1
资格预审公告中需要包含哪些具体内容？,财政部关于做好政府采购信息公开工作的通知,0,
联合体投标时，保证金可以由其中一方单独缴纳吗？,政府采购非招标采购方式管理办法,1,2
工程量清单是否必须包含在招标文件中？,建筑工程施工发包与承包计价管理办法,1,1
上海市公共资源交易中心评标（评审）专家专家的信用记分在什么范围内会被评为一般？,【综合采购】上海市公共资源交易中心评标（评审）专家信用记分评估标准（试行）,1,1
哪些情况下，采购人应当拒绝供应商参与政府采购活动？,财政部关于在政府采购活动中查询及使用信用记录有关问题的通知,0,
如果拍卖企业或委托人未说明拍卖标的的瑕疵，导致买受人受损，买受人该如何维权？,拍卖管理办法,1,2
房地产交易管理机构在受理过户申请后，多长时间内需要完成审核？,上海市房地产转让办法,1,1
评标结果汇总完成后，发现分值汇总计算错误，可以修改评标结果吗？,政府采购货物和服务招标投标管理办法,1,1
在制定采购需求时，如何确保系统能够接入国家共享数据交换平台？,财政部关于印发《政务信息系统政府采购管理暂行办法》的通知,1,1
转让方在完成上市公司股份转让后，需要办理哪些后续手续？,金融企业国有资产转让管理办法,1,1
在招标、拍卖或挂牌方式确定中标人或竞得人后，他们的保证金如何处理？,招标拍卖挂牌出让国有建设用地使用权规定,1,1
综合类会员如何管理自营业务和代理业务的资金？,【碳排放权】上海环境能源交易所碳排放交易会员管理办法（试行）,1,2
供应商对评审结果提出质疑时，采购人可以如何处理？,政府采购质疑和投诉办法,1,2
在采购进口产品的采购文件中，需要特别注明哪些优先采购条件？,财政部关于印发《政府采购进口产品管理办法》的通知,1,1
房地产转让的双方需要满足哪些资格条件？,上海市房地产转让办法,1,1
如果中标人拒绝与招标人签订合同，投标保证金会如何处理？,房屋建筑和市政基础设施工程施工招标投标管理办法,1,10
行政事业单位在国有资产管理中需要建立哪些内部机制？,财政部关于进一步规范和加强行政事业单位国有资产管理的指导意见,1,1
国有独资企业的主要负责人是否需要接受任期经济责任审计？,中华人民共和国企业国有资产法,1,2
受托机构的尽职调查工作主要包括哪些方面？,【产权交易】企业增资业务受托机构工作指引（试行）,1,1
企业在区域性股权市场发行可转换为股票的公司债券需要满足哪些条件？,区域性股权市场监督管理试行办法,1,1
招标公告或投标邀请书必须包含哪些基本信息？,工程建设项目施工招标投标办法,1,1
采购人在确定成交供应商时，需要遵循哪些原则？,政府采购非招标采购方式管理办法,1,4
在什么情况下，采购人需要在省级以上财政部门指定媒体上进行公示？,财政部关于做好政府采购信息公开工作的通知,1,3
综合评议项目中，增资人如何确定最终投资人？,【产权交易】企业增资业务规则（试行）,1,3
如果拍卖标的再次拍卖，原买受人需要承担哪些费用？,中华人民共和国拍卖法,1,1
电子招标投标活动及相关主体是否需要接受行政监督和监察？,电子招标投标办法,1,1
预购人能否自由转让预售商品房？,上海市房地产转让办法,1,1
如果信息披露期满未征集到意向受让方，转让方可以采取哪些措施？,企业国有资产交易监督管理办法,1,1
在综合评分法中，如果两个投标人的得分相同，如何确定他们的排名顺序？,政府采购货物和服务招标投标管理办法,1,1
如果我是未中标的投标人，我的投标保证金什么时候能退还？,招标拍卖挂牌出让国有建设用地使用权规定,0,
在企业产权转让过程中，受让方确定后，交易双方能否因企业经营性损益变化调整已达成的交易条件和价格？,企业国有资产交易监督管理办法,1,4
国有独资企业、国有独资公司的重大事项由谁决定？,企业国有资产监督管理暂行条例,1,2
担任拍卖师需要满足哪些条件？,中华人民共和国拍卖法,1,1
哪些部门负责制定社会资本投资建设的公共资源交易平台接入市交易平台的办法？,上海市公共资源交易管理办法,1,1
开标和评标现场活动是否需要录音录像？,政府采购货物和服务招标投标管理办法,0,
交易所需要建立哪些风险管理制度来维护碳排放交易市场的稳定？,上海市碳排放管理试行办法,1,1
供应商提交登记申请后，多久能知道是否入库？,上海市财政局关于印发《上海市政府采购供应商登记及诚信管理办法》的通知(2017),1,1
招标人不按规定组建评标委员会会有什么后果？,评标专家和评标专家库管理暂行办法,1,3
采购人和采购代理机构如何邀请供应商参与竞争性磋商采购活动？,财政部关于印发《政府采购竞争性磋商采购方式管理暂行办法》的通知,1,1
在施工招标投标活动中，有哪些行为是被明确禁止的？,房屋建筑和市政基础设施工程施工招标投标管理办法,1,4
运营机构在开展业务活动时，如何防范与市场参与者之间的利益冲突？,区域性股权市场监督管理试行办法,1,1
采购代理机构未对开标、评标活动进行全程录音录像，会受到什么处罚？,政府采购货物和服务招标投标管理办法,1,2
采购人在收到对单一来源采购方式公示的异议后，应如何处理？,政府采购非招标采购方式管理办法,1,1
挂牌出让土地时，挂牌截止后如何确定竞得人？,招标拍卖挂牌出让国有建设用地使用权规定,1,3
评标委员会的专家成员是如何确定的？,房屋建筑和市政基础设施工程施工招标投标管理办法,0,
政府采购活动中加强内部控制管理的目的是什么？,财政部关于加强政府采购活动内部控制管理的指导意见,1,1
采购代理机构需要具备哪些基本条件才能开展政府采购业务？,中华人民共和国政府采购法实施条例,1,2
社会中介机构在国有资产转让过程中违规执业，会受到哪些处理？,金融企业国有资产转让管理办法,1,3
当通过资格审查的意向投资方数量较多时，企业可以采取哪些方式进行遴选？,企业国有资产交易监督管理办法,1,2
上海市公共资源拍卖中心的服务对象有哪些？,上海市拍卖行业协会关于成立上海市公共资源拍卖中心的请示报告,1,5
采购人和相关机构应如何加强政府采购的内部监督和风险管理？,财政部关于加强政府采购活动内部控制管理的指导意见,1,1
如果因重大变故导致采购任务取消，采购人应该如何处理？,财政部关于印发《政府采购竞争性磋商采购方式管理暂行办法》的通知,1,4
采购文件具体包括哪些内容？,政府采购非招标采购方式管理办法,1,1
拍卖企业在进行拍卖活动时，需要遵循哪些基本原则？,拍卖管理办法,1,1
挂牌出让的具体流程是怎样的？,招标拍卖挂牌出让国有建设用地使用权规定,1,8
上市公司控股股东在转让股份时需要经过哪些审批程序？,金融企业国有资产转让管理办法,1,1
大中型企业与小型、微型企业组成联合体参加政府采购，有何优惠政策？,财政部、工业和信息化部关于印发《政府采购促进中小企业发展暂行办法》的通知,1,1
财政部门在收到转让方提交的直接协议转让上市公司股份材料后，需要在多长时间内给予答复？,金融企业国有资产转让管理办法,1,1
上海市公共资源交易中心评标（评审）专家的信用记分是如何计算的？,【综合采购】上海市公共资源交易中心评标（评审）专家信用记分评估标准（试行）,1,1
在综合评分法中，货物项目和服务项目的价格分值占总分值的最低比重分别是多少？,政府采购货物和服务招标投标管理办法,1,3
如果首次挂牌未能征集到意向受让方，转让方如何确定新的挂牌价格？,金融企业国有资产转让管理办法,1,1
在什么情况下，采购人或采购代理机构需要终止竞争性谈判采购活动并重新开展？,政府采购非招标采购方式管理办法,1,1
如何确定政府购买服务项目的承接主体？,政府购买服务管理办法,1,1
综合类会员在交易中是否可以向客户收取佣金？,【碳排放权】上海环境能源交易所碳排放交易会员管理办法（试行）,1,2
上海市公共资源拍卖监督管理委员会的主要职能是什么？,上海市拍卖行业协会关于成立上海市公共资源拍卖中心的请示报告,1,6
在招投标过程中，履行出资人职责的机构如何确定董事、监事、高级管理人员的人选？,中华人民共和国企业国有资产法,1,1
在哪些情况下，公共资源拍卖平台可以暂停或终止现场拍卖活动？,上海市商务委员会等七部门关于印发《上海市公共资源拍卖管理办法》的通知,1,1
在产权交易中，交易双方何时能获得交易凭证？,企业国有资产交易监督管理办法,0,
电子招标投标活动中的交易平台、公共服务平台和行政监督平台各自的主要功能是什么？,电子招标投标办法,1,3
行政事业单位在制定本单位国有资产管理的具体实施办法时，需要包含哪些具体管理制度？,财政部关于进一步规范和加强行政事业单位国有资产管理的指导意见,1,6
在哪些情况下，采购人或采购代理机构需要终止询价采购活动并重新开展？,政府采购非招标采购方式管理办法,1,1
联合体投标时，资质等级如何确定？,房屋建筑和市政基础设施工程施工招标投标管理办法,0,
供应商在哪些情况下会被采购人和采购代理机构报告给财政部门并记录在诚信档案中？,上海市财政局关于印发《上海市政府采购供应商登记及诚信管理办法》的通知(2017),1,1
水运工程建设项目采用资格后审方式公开招标时，投标人的资格审查是在什么时间进行的？,水运工程建设项目招标投标管理办法,1,1
成交通知书发出后，采购人和成交供应商需要在多少天内签订政府采购合同？,政府采购非招标采购方式管理办法,1,3
如果投标人未参加开标，是否可以事后对开标结果提出异议？,政府采购货物和服务招标投标管理办法,1,5
财政部门在行政事业单位资产管理中具体承担哪些职责？,财政部关于进一步规范和加强行政事业单位国有资产管理的指导意见,1,3
在什么情况下，招标活动可以不成立评标小组？,招标拍卖挂牌出让国有建设用地使用权规定,0,
第三方机构在碳排放核查中违规，会受到哪些处罚？,上海市碳排放管理试行办法,1,1
在招投标评审中，如何考察公司的治理执行情况？,【产权交易】企业增资业务受托机构工作指引（试行）,0,
采购人和采购代理机构在保管相关主体信用信息时，有哪些注意事项？,财政部关于在政府采购活动中查询及使用信用记录有关问题的通知,1,1
哪些情形下，产权转让可以采取非公开协议转让方式？,企业国有资产交易监督管理办法,1,2
产权交易合同生效后，交易结果公告需要包含哪些内容？,企业国有资产交易监督管理办法,1,1
房地产的风险责任在什么时间点转移给受让人？,上海市房地产转让办法,1,1
上海市交易中心如何处理评估结果为不佳的发起方信息？,【综合采购】上海市公共资源交易中心发起方信用记分评估标准（试行）,1,1
采购项目的预算金额需要在哪些文件中公开？,财政部关于做好政府采购信息公开工作的通知,1,1
上海市公共资源拍卖监督管理委员会由哪些单位组成？,上海市拍卖行业协会关于成立上海市公共资源拍卖中心的请示报告,1,8
挂牌出让项目的申请截止时间应如何设定？,招标拍卖挂牌出让国有建设用地使用权规定,1,5
碳排放配额的交易价格是如何确定的？,上海市碳排放管理试行办法,1,4
在涉及民生和社会影响较大的政府采购项目中，采购人在制定采购需求时需要做哪些额外的工作？,财政部关于加强政府采购活动内部控制管理的指导意见,1,1
